id,date,class,sentiment,text
0,2013-07-24T17:00:00,increase,Positive,Im smack everyone friends Facebook dont accept candy crush requests I need levels shit
1,2013-07-24T17:00:00,increase,Negative,Scrolling Facebook I see many weeks pregnant everybody Just tragic
2,2013-07-24T17:00:00,increase,Positive,En Twitter Te Entienden En Facebook Te Critican
3,2013-07-24T17:00:00,increase,Positive,best early 2000 facebook twitter
4,2013-07-24T17:00:00,increase,Positive,Add Facebook peeka boo
5,2013-07-24T17:00:00,increase,Negative,I cant decide whether supper check facebook poo
6,2013-07-24T17:00:00,increase,Positive,Te buscado en facebook instagram twitter te podido encontrar ‚ô¨
7,2013-07-24T17:00:00,increase,Positive,I left two bits worth Hansbraun Investments Ltd property manager mall facebook page wow
8,2013-07-24T17:00:00,increase,Negative,RT Whats facebook w hoes amp pricks
9,2013-07-24T17:00:00,increase,Positive,Social networking kills vibe sometimes especially Facebook
10,2013-07-24T17:00:00,increase,Positive,RT FanOfTheWeek time Facebook want make festival season playlist Mixers HQ x
11,2013-07-24T17:00:00,increase,Negative,Me talking scrolling facebook news feed Bellend dickhead attention slut bitch backstabber
12,2013-07-24T17:00:00,increase,Positive,Facebook
13,2013-07-24T17:00:00,increase,Negative,Im eating chips amp Im using stores computer get twitter instagram facebook Im unprofessional lol
14,2013-07-24T17:00:00,increase,Negative,Instagram depressing social network even worse Facebook according US magazine
15,2013-07-24T17:00:00,increase,Negative,Three weeks facebook killing
16,2013-07-24T17:00:00,increase,Negative,hell facebook even work fucking hate much haha ill figure
17,2013-07-24T17:00:00,increase,Negative,Whats facebook w hoes amp pricks
18,2013-07-24T17:00:00,increase,Negative,In honesty police probably fight anyone else considering Facebook
19,2013-07-24T17:00:00,increase,Positive,Hes Stalker Beware RT This guy messaged facebook saying saw ochi wants knoww plan go
20,2013-07-24T17:00:00,increase,Positive,que te gusta mas facebook vs twitter
21,2013-07-24T17:00:00,increase,Positive,always Girly x get invite Facebook x
22,2013-07-24T17:00:00,increase,Positive,hi Myles I sent link facebook need talk Five Lakes Essex comps sept
23,2013-07-24T17:00:00,increase,Positive,Facebook good memories
24,2013-07-24T17:00:00,increase,Negative,THE FACEBOOK PRESALE CODE IS NOT WORKING FOR THE HOUSTON SHOW HASNT BEEN WORKING FOR THE PAST 2 HOURS PLEASE HELP
25,2013-07-24T17:00:00,increase,Positive,You ought see Facebook group already half million people supporting bid 2016 hillary2016
26,2013-07-24T17:00:00,increase,Positive,get facebook
27,2013-07-24T17:00:00,increase,Negative,lunch break 5 mins agobut yet exit twitter facebook hatework someonesaveme
28,2013-07-24T17:00:00,increase,Positive,Facebook
29,2013-07-24T17:00:00,increase,Positive,Everyone loreto look mr pimentao facebook His 2nd profile picture towel A FUCKING TOWEL
30,2013-07-24T17:00:00,increase,Positive,seen video someone shared facebook page About yoga helping guy transform life Props sir
31,2013-07-24T17:00:00,increase,Positive,I need check Im sending messages Facebook I send
32,2013-07-24T17:00:00,increase,Negative,RT I find hard believe Facebook has1800 machinists CT itI dont unnerstan either
33,2013-07-24T17:00:00,increase,Positive,make sure yall hit facebook page RECOMMEND ur FAVORITE INDEPENDENT artists including one POSTING TWEET DoSumn
34,2013-07-24T17:00:00,increase,Negative,Guys still try pick girls Facebook I didnt know still thing smh
35,2013-07-24T17:00:00,increase,Positive,Lol mom saw sunburn picture Facebook called ask I alright xD yes mom thank
36,2013-07-24T17:00:00,increase,Positive,Basically I collecting free WiFi concierge He thinks getting facebook name Call ashawo like
37,2013-07-24T17:00:00,increase,Negative,Back days Facebook Messaging
38,2013-07-24T17:00:00,increase,Positive,saw news Facebook I hope wonderful time together Treat well
39,2013-07-24T17:00:00,increase,Positive,So friend took quiz Facebook saying I guess gender one question first question Are boy girl üòÇ
40,2013-07-24T17:00:00,increase,Negative,RT I seen drunk picture Facebook weeks Grandma needs slow hardcore creeping dow‚Ä¶
41,2013-07-24T17:00:00,increase,Negative,Honestly Why people age posts daily statuss Facebook still
42,2013-07-24T17:00:00,increase,Positive,Tip Week courtesy DOUBLE CHECK THE DETAILS Visit Facebook page see weekly tip photographers
43,2013-07-24T17:00:00,increase,Positive,More information pictures event found Gravely Facebook page worth look
44,2013-07-24T17:00:00,increase,Positive,cest quoi ton facebook S
45,2013-07-24T17:00:00,increase,Positive,RT If girls nice real life Facebook comments world would much different
46,2013-07-24T17:00:00,increase,Positive,Es mucho mas interesante twitter que facebook
47,2013-07-24T17:00:00,increase,Negative,deleted Facebook Youve kept people hardly spoken yet delete
48,2013-07-24T17:00:00,increase,Negative,RT Im sorry sir wife didnt make Was sniff lack prayers Facebook Yes sir Im afraid
49,2013-07-24T17:00:00,increase,Negative,Parents took facebook
50,2013-07-24T17:00:00,increase,Positive,We begin accepting listing information guide September Watch Twitter feed Facebook page website details
51,2013-07-24T17:00:00,increase,Positive,RT To celebrate launch interactive facebook job board giving away ¬£20 asos gift card Friday FLW ‚Ä¶
52,2013-07-24T17:00:00,increase,Negative,Lmfao I wont know I get My mom post Facebook
53,2013-07-24T17:00:00,increase,Negative,Is anyone elses Facebook
54,2013-07-24T17:00:00,increase,Positive,The notifications I get Facebook random peoples status updates
55,2013-07-24T17:00:00,increase,Positive,Lol message Marketing twitterfacebook n broadcast messages justsayin
56,2013-07-24T17:00:00,increase,Negative,Whats point calling someone Facebook Twitter Are cowardly confront people problems
57,2013-07-24T17:00:00,increase,Positive,Be sure check new ISB store Facebook page
58,2013-07-24T17:00:00,increase,Negative,Ditto gmail nopatienceforthis
59,2013-07-24T17:00:00,increase,Positive,Facebook Wow
60,2013-07-24T17:00:00,increase,Positive,This nigga copied tweet put facebook yesterday wow lol
61,2013-07-24T17:00:00,increase,Negative,getting screwwed facebook man youbestlaylowforawhile
62,2013-07-24T17:00:00,increase,Positive,RT Check Facebook Twitter amp Instagram find
63,2013-07-24T17:00:00,increase,Positive,Well much DDD things like usually xDDD Im listening music enjoy facebook twitter xDD r u doin D
64,2013-07-24T17:00:00,increase,Negative,expensive jammies clean DRY home grab ipad go facebook look high river flood
65,2013-07-24T17:00:00,increase,Negative,wish word limit facebook amount shite folk write
66,2013-07-24T17:00:00,increase,Positive,RT Whats facebook days
67,2013-07-24T17:00:00,increase,Positive,Somoney Is good bad Check CentiMJC Facebook Fanpage
68,2013-07-24T17:00:00,increase,Positive,tell nigga trev tohit bra Facebook shoes Im try get ride raleigh tonight
69,2013-07-24T17:00:00,increase,Negative,I get different Facebook Pages Idk get
70,2013-07-24T17:00:00,increase,Positive,Love online friends To homies Ive met Facebook Twitter Instagram name youve ALL influenced life
71,2013-07-24T17:00:00,increase,Positive,Facebook
72,2013-07-24T17:00:00,increase,Positive,Be sure check new ISB store Facebook page
73,2013-07-24T17:00:00,increase,Positive,RT Wow keep shit facebook
74,2013-07-24T17:00:00,increase,Positive,I wish I could convince many ways twittergt facebook Come back twitterverse love youretoolongwindedtotweet
75,2013-07-24T17:00:00,increase,Negative,My page facebook reached 15k wut
76,2013-07-24T17:00:00,increase,Positive,You welcome Do mind put Facebook page
77,2013-07-24T17:00:00,increase,Positive,WCW Is Not A Facebook Instagram Or Twitter Game
78,2013-07-24T17:00:00,increase,Negative,facebook smarts
79,2013-07-24T17:00:00,increase,Positive,I wake 100 emails Facebook someone arguing tag post
80,2013-07-24T17:00:00,increase,Positive,Who likes Huntsville Confessions Facebook
81,2013-07-24T17:00:00,increase,Positive,Just FYI going send mass mailer via Twitter Facebook LinkedIn etc‚Ä¶ unfollowed blocked SPAM
82,2013-07-24T17:00:00,increase,Positive,It bothers people act holy Facebook twitter different human Cussing retweeting cussing
83,2013-07-24T17:00:00,increase,Negative,Facebook wonky today
84,2013-07-24T17:00:00,increase,Positive,look Vladimir Zaytsev Facebook photographer night
85,2013-07-24T17:00:00,increase,Positive,Your Facebook contest page working
86,2013-07-24T17:00:00,increase,Positive,RT Are CCUREADY Were going post reminders help get ready CCU Follow along Twitter Facebook B‚Ä¶
87,2013-07-24T17:00:00,increase,Positive,RT In effort sound mature Ive started talking like old person Facebook referred Facebo‚Ä¶
88,2013-07-24T17:00:00,increase,Positive,bye tlist moms still playing farm game facebook like candy crush tbh 3 fb games opened rn psml
89,2013-07-24T17:00:00,increase,Negative,Anyone else trouble today Its wicked slow barely loading fail
90,2013-07-24T17:00:00,increase,Positive,Just stick Twitter It smells much better Facebook
91,2013-07-24T17:00:00,increase,Positive,RT young ass bitches sending friend request Facebook gtlt LikeIKnowThem
92,2013-07-24T17:00:00,increase,Negative,Samsung Galaxy Tab 2 GTP5113 16GB WiFi 101 Android 40 Titanium Silver Enter FACEBOOK TWITTER discounts
93,2013-07-24T17:00:00,increase,Positive,RT seriously üëäüí¢ stop posting god damn convos copied memes saw IG Facebook ‚úã
94,2013-07-24T17:00:00,increase,Positive,Facebook O Twitter Encuesta
95,2013-07-24T17:00:00,increase,Positive,Miss Chris friend requested Facebook daymade
96,2013-07-24T17:00:00,increase,Negative,Mesa around give somebody 20yrs traffic Ticket cuz im checking FacebookLOL
97,2013-07-24T17:00:00,increase,Positive,Whats people foreign names Facebook You ashamed ya name
98,2013-07-24T17:00:00,increase,Positive,Won contest facebook got free tickets iamhardwell mumbai iamhardwell
99,2013-07-24T17:00:00,increase,Positive,Over one million web sites integrated Facebook
100,2012-11-09T17:00:00,increase,Positive,RT imma let hoes keep talking whether twitter facebook instagram etc Cause thats talking
101,2012-11-09T17:00:00,increase,Positive,I seee yu nw Habaaa check facebook naa Hard mee 2 find yu
102,2012-11-09T17:00:00,increase,Positive,go check Facebook Already taken care
103,2012-11-09T17:00:00,increase,Negative,huh need put answer plain view help everyone win need facebook account enter boo
104,2012-11-09T17:00:00,increase,Positive,whyreltionshipsend FACEBOOK
105,2012-11-09T17:00:00,increase,Positive,RT Twitter like wife facebook main bchmyspace ex old pics nshit
106,2012-11-09T17:00:00,increase,Negative,RT Twitter amp Facebook like hood news You find died fought together broke fcking w
107,2012-11-09T17:00:00,increase,Positive,ko op facebook xx
108,2012-11-09T17:00:00,increase,Positive,Facebook someone added photo Me fuck
109,2012-11-09T17:00:00,increase,Positive,If Your Ex Wants friend facebook1 Accept2 Ignore3 Block4 Report SpamWhat Will Be Your Reaction
110,2012-11-09T17:00:00,increase,Positive,The opportunity Facebook Br huge opportunity Right Now cfbr
111,2012-11-09T17:00:00,increase,Negative,nothing official till facebookso I guess arent friends rude
112,2012-11-09T17:00:00,increase,Positive,Cest quoi le yearbook des boys Jai vu ca sur facebook
113,2012-11-09T17:00:00,increase,Negative,porra de facebook
114,2012-11-09T17:00:00,increase,Negative,p postar facebook
115,2012-11-09T17:00:00,increase,Negative,We friends Facebook want really get know follow Twitter waitwhat
116,2012-11-09T17:00:00,increase,Positive,RT So seeing half naked people Facebook newsfeed
117,2012-11-09T17:00:00,increase,Positive,Emma Swan add facebook
118,2012-11-09T17:00:00,increase,Positive,RT Twitter Dontcha wish users hot like mine Dontcha Facebook Come getting old Twitter DONTCHA
119,2012-11-09T17:00:00,increase,Negative,youtube yet I cant watch cause I dont facebook
120,2012-11-09T17:00:00,increase,Positive,Well married Facebook long time I considered legitimate So Im hurt ‚ò∫
121,2012-11-09T17:00:00,increase,Positive,ME HAPPY BIRTHDAY GIRL Awww remember ME Na Facebook told
122,2012-11-09T17:00:00,increase,Positive,RT My Facebook google Russian I dont know stop
123,2012-11-09T17:00:00,increase,Negative,Im really starting love defriending Facebook people If birthday I dont talk know goodbye notsorry
124,2012-11-09T17:00:00,increase,Positive,Youre 14 halfnaked picture profile pic Facebook Your parents must incredibly proud
125,2012-11-09T17:00:00,increase,Positive,U R SO much better facebook dear Twitter cant tell
126,2012-11-09T17:00:00,increase,Positive,Yes amp andor amp acceptable 2 mingle 2 left casual presence
127,2012-11-09T17:00:00,increase,Negative,Twitter makes love people I dont know Facebook makes hate people I
128,2012-11-09T17:00:00,increase,Negative,please stop selling animals Facebook disgusting cruel
129,2012-11-09T17:00:00,increase,Positive,RT May life awesome pretend Facebook
130,2012-11-09T17:00:00,increase,Negative,want someones photo facebook go think long hard life seriously
131,2012-11-09T17:00:00,increase,Negative,I probally worst admin ever facebook pages
132,2012-11-09T17:00:00,increase,Positive,Tipico Fingir que estas bien por Facebook ser sincero en Twitter LOL
133,2012-11-09T17:00:00,increase,Positive,RT My Facebook google Russian I dont know stop
134,2012-11-09T17:00:00,increase,Negative,Getting message twitter saying look nasty things people saying fb BULLSHIT dont facebookL
135,2012-11-09T17:00:00,increase,Positive,RT send tweet facebook fuck whole point twitter get away facebook
136,2012-11-09T17:00:00,increase,Positive,RT Facebook limit many times change relationship status After 3 default U
137,2012-11-09T17:00:00,increase,Positive,RT Theres new poser Sheila Facebook DONT ADD HER Shes fake Sheila still doesnt Facebook twit
138,2012-11-09T17:00:00,increase,Positive,Homecoming2012 photos shortly Keep checking back updates visit Facebook page
139,2012-11-09T17:00:00,increase,Negative,Admit one person hate constantly look Facebook You know mine
140,2012-11-09T17:00:00,increase,Positive,Yeah yeah course Always Thank goodness facebook mobile phones Its though
141,2012-11-09T17:00:00,increase,Positive,Eh facebook esta loooooooco
142,2012-11-09T17:00:00,increase,Negative,This official Grounded account may created Facebook page reason
143,2012-11-09T17:00:00,increase,Negative,Pokes Facebook annoying
144,2012-11-09T17:00:00,increase,Positive,cousin put picture facebook smoking next smoking sign lmfao
145,2012-11-09T17:00:00,increase,Positive,haha I see becoming regular tweeter Better Facebook You need twitter lessons fave bricky
146,2012-11-09T17:00:00,increase,Negative,Poor facebook I dont like anything cant target ads You know nothing cant target ads
147,2012-11-09T17:00:00,increase,Positive,RT One superpowers avoid seen thingy Facebook chat
148,2012-11-09T17:00:00,increase,Positive,RT People OMG SO HAPPY OBAMA WINS AGAIN status updates Facebook people dont know Presi
149,2012-11-09T17:00:00,increase,Positive,‚Äô pet name twittera storybook name facebooka guardian name googleeverything ‚Äô 1 small thing called internet
150,2012-11-09T17:00:00,increase,Positive,RT Special FF around F1 coverage including news pictures videos across Twitter Facebook
151,2012-11-09T17:00:00,increase,Negative,delete relationship Facebook
152,2012-11-09T17:00:00,increase,Negative,I deleted Facebook Iam officially living rock one needs know whats going life So twitters place
153,2012-11-09T17:00:00,increase,Negative,facebook sdg update damn
154,2012-11-09T17:00:00,increase,Negative,I always think facebook roll eyes I loathe facebook LOL
155,2012-11-09T17:00:00,increase,Positive,RT My Facebook google Russian I dont know stop
156,2012-11-09T17:00:00,increase,Positive,Shout models signed Instagram Facebook amp twitter yall yall THANG
157,2012-11-09T17:00:00,increase,Positive,Remember youre entering competition 4 chances win follow twitter facebook pinterest sign newsletter
158,2012-11-09T17:00:00,increase,Negative,Facebook Bah
159,2012-11-09T17:00:00,increase,Positive,RT facebook even become
160,2012-11-09T17:00:00,increase,Positive,good idea btw whats time 109AM midnight still online facebook stay online
161,2012-11-09T17:00:00,increase,Positive,How come never post Facebook wall post everyone else mothers üòê
162,2012-11-09T17:00:00,increase,Positive,THEY USE FACEBOOK AND TWITTER TO SPY ON USSTOP TELLING THESE SPIES WHERE U GOING OR WHERE U GOING TO BE
163,2012-11-09T17:00:00,increase,Negative,This nigga Facebook feelings statusnigga pew
164,2012-11-09T17:00:00,increase,Positive,I think I might delete personal Facebook page make one photography
165,2012-11-09T17:00:00,increase,Positive,Thank It display nicely dont want turn Facebook
166,2012-11-09T17:00:00,increase,Positive,RT Unfriending people didnt wish happy birthday Facebook BirthdayProblems
167,2012-11-09T17:00:00,increase,Positive,Finished uploading birthday photos Facebook Im sleepy yet
168,2012-11-09T17:00:00,increase,Positive,Does Anyone got FACEBOOK Tweet lt3
169,2012-11-09T17:00:00,increase,Positive,Twiiter amp facebook enough instagran pointless opinion
170,2012-11-09T17:00:00,increase,Negative,annoying facebook doesnt want work addict
171,2012-11-09T17:00:00,increase,Negative,RT All damn blackout posts facebook fucking annoying
172,2012-11-09T17:00:00,increase,Positive,Im stalk bitches Facebook FB Message
173,2012-11-09T17:00:00,increase,Negative,never answers tweets Im going crazy trying find pictures ring facebook And also WTF weneedtotalk
174,2012-11-09T17:00:00,increase,Positive,check DMs I liked Facebook page x
175,2012-11-09T17:00:00,increase,Positive,I already found facebook page
176,2012-11-09T17:00:00,increase,Positive,dm facebook
177,2012-11-09T17:00:00,increase,Positive,Thanks follow hope find tweets informative You may also LIKE Facebook
178,2012-11-09T17:00:00,increase,Positive,4000 friends facebook5000 followers twitter200 wedding day5 hard times2 funeralyou alone Judgement day
179,2012-11-09T17:00:00,increase,Negative,There something freeing deleting facebook account morning even though opened another one immediately haha
180,2012-11-09T17:00:00,increase,Positive,yes sorted I cant remember details sorry Its facebook Karry summers winter uk tour
181,2012-11-09T17:00:00,increase,Positive,Thank joining Unparalleled Taste Facebookwere 401 likes counting
182,2012-11-09T17:00:00,increase,Positive,newsman facebook abbt twitter
183,2012-11-09T17:00:00,increase,Positive,coming person erection James harden haha It okay Facebook friends Allen S
184,2012-11-09T17:00:00,increase,Negative,‚Äú Is anyone elses Facebook acting fool ‚Äù Facebook fool‚úñ
185,2012-11-09T17:00:00,increase,Positive,I need find something Ive refreshed facebook hundred times morning
186,2012-11-09T17:00:00,increase,Negative,TwittergtFacebook
187,2012-11-09T17:00:00,increase,Positive,RT I reactivate facebook month post rap song lyric
188,2012-11-09T17:00:00,increase,Positive,RT My Facebook google Russian I dont know stop
189,2012-11-09T17:00:00,increase,Positive,I sent private message Facebook check please Normani means lot lt3 xx
190,2012-11-09T17:00:00,increase,Positive,mon facebook beug grave le Bouton Jaime neMarche pas Aime dabord
191,2012-11-09T17:00:00,increase,Positive,jump facebook give love school
192,2012-11-09T17:00:00,increase,Positive,Staying away Facebook bit become playground engagement announcements sonograms complaining oversocial
193,2012-11-09T17:00:00,increase,Positive,Follow us facebook instagram
194,2012-11-09T17:00:00,increase,Negative,Somebody please delete rick Facebook account
195,2012-11-09T17:00:00,increase,Negative,RT 8ReasonsWhyImOnTwitter Cause Facebook makes sick
196,2012-11-09T17:00:00,increase,Positive,RT And news This Saturday Ill announce New Years Eve show destination Keep eye Facebook page
197,2012-11-09T17:00:00,increase,Positive,RT Friendzoned needs relationship status option Facebook
198,2012-11-09T17:00:00,increase,Negative,PASO A USAR FACEBOOK TWITTEROFF
199,2012-11-09T17:00:00,increase,Positive,Facebook twitter
200,2014-01-29T17:00:00,increase,Negative,I know Im bored I check Facebook üòÇüòÇüòÇüòÇüòí
201,2014-01-29T17:00:00,increase,Negative,Disharmony Blocks II Beta 3 coming couple hours usual check Facebook want link Last beta release I think
202,2014-01-29T17:00:00,increase,Positive,Also check facebook pinterest entertaining Michigan stuff
203,2014-01-29T17:00:00,increase,Negative,He posting vids facebook stopped gas station taco bell last night I guess reinforcements
204,2014-01-29T17:00:00,increase,Positive,Poll Are still relationship Facebook age engagedmarried
205,2014-01-29T17:00:00,increase,Positive,We invite start gearing Day 5 10k Facebook Fan contest 8pm CST Another free roundtrip line
206,2014-01-29T17:00:00,increase,Positive,Live Atlanta area Check Facebook group SnowedOutAtlanta see help strandedinneed motorists near
207,2014-01-29T17:00:00,increase,Negative,Having 50 facebook feed Minnesota 50 Alabama stressful usual morning
208,2014-01-29T17:00:00,increase,Positive,CEO Bitcoin Exchange Resigns From Bitcoin evangelizing crypto see Silk Road also twitter Facebook profile account
209,2014-01-29T17:00:00,increase,Positive,Facebook BlackBerry10 updated
210,2014-01-29T17:00:00,increase,Positive,RT moms Facebook
211,2014-01-29T17:00:00,increase,Positive,RT ‚Äú One great uses Twitter Facebook prove Last Day prayerlessness lack ‚Ä¶
212,2014-01-29T17:00:00,increase,Positive,RT JOJOGANG Yooo fam favor go facebook amp like music page 069zay go crazy comments amp s‚Ä¶
213,2014-01-29T17:00:00,increase,Positive,Lmao facebook place Elrufai thinks twitter abi good laff one positive comment oh jeez üòÖ
214,2014-01-29T17:00:00,increase,Positive,Okay associate facebook page gaming one twitter window pick page 12
215,2014-01-29T17:00:00,increase,Positive,wrote Its floating around Facebook
216,2014-01-29T17:00:00,increase,Negative,üòî ‚Äú U mean annoying AF RT Niggaz trying lol ‚Äú Facebook inboxes thou ‚Äù
217,2014-01-29T17:00:00,increase,Positive,See Embassy Facebook comment exactly issue
218,2014-01-29T17:00:00,increase,Negative,Glad Facebook anymore
219,2014-01-29T17:00:00,increase,Negative,I dont even find Twitter much fun Facebook fucking option flying fuck
220,2014-01-29T17:00:00,increase,Positive,No Probloem Facebook business page I LIKE Kind Regards David
221,2014-01-29T17:00:00,increase,Positive,Just accepted many friend requests Facebook lol
222,2014-01-29T17:00:00,increase,Positive,Notifications twitter DNotifications Facebook
223,2014-01-29T17:00:00,increase,Positive,Send message Facebook Had look bat today beauty
224,2014-01-29T17:00:00,increase,Positive,Im actually working youre playing facebook Im facebook Im imgur worker house üòç
225,2014-01-29T17:00:00,increase,Negative,Nick NickThat awkward moment someone deletes comment facebook look like ‚Äô talking CBB
226,2014-01-29T17:00:00,increase,Positive,moms Facebook
227,2014-01-29T17:00:00,increase,Positive,People say TRUE THAT repost pic quote Facebook
228,2014-01-29T17:00:00,increase,Positive,took 2009 2012 ouT OF THEIR FACEBOOK
229,2014-01-29T17:00:00,increase,Negative,Bah ouaaais D Facebook te soule
230,2014-01-29T17:00:00,increase,Positive,Theres free prize draw Exempt Clothing Facebook page The prize pack worth ¬£230 Get involved freefromrules
231,2014-01-29T17:00:00,increase,Negative,Facebook desativado com sucesso
232,2014-01-29T17:00:00,increase,Negative,Facebook rapido cara
233,2014-01-29T17:00:00,increase,Positive,Sign klikken en dan aanmelden met facebook Twitter ‚Ä¢ A
234,2014-01-29T17:00:00,increase,Positive,Do 12 pack the12thcan celebrate hawks Send us pictures noon 129 featured Facebook banner
235,2014-01-29T17:00:00,increase,Negative,reactivated facebooküòí
236,2014-01-29T17:00:00,increase,Positive,Were Facebook How use Twitter Facebook differently
237,2014-01-29T17:00:00,increase,Positive,RT If CANT get 911 please send message us Facebook Twitter
238,2014-01-29T17:00:00,increase,Negative,Life lke facebookpipo wil lke n comment ur problemsbt non wl help u 2 solve coz evrbdy busy updating hishersnever give
239,2014-01-29T17:00:00,increase,Positive,47 marketers generated leads Facebook
240,2014-01-29T17:00:00,increase,Negative,If I take time post something bullshit Facebook cause I realized far really
241,2014-01-29T17:00:00,increase,Positive,JOJOGANG Yooo fam favor go facebook amp like music page 069zay go crazy comments amp show luv
242,2014-01-29T17:00:00,increase,Negative,Lecture AKA check twitter Facebook Instagram reply texts I didnt feel earlier download games ICouldPassButImPlaying
243,2014-01-29T17:00:00,increase,Positive,omg awkwardwhen put Facebook I thought college friends HAHAHAHA
244,2014-01-29T17:00:00,increase,Positive,Facebook Marieemay wolff lt33add
245,2014-01-29T17:00:00,increase,Positive,welcome facebook ni bkn twitter kew
246,2014-01-29T17:00:00,increase,Positive,Lets invite friends facebook like Faith Deliverance Christian Centers Facebook page Whos
247,2014-01-29T17:00:00,increase,Positive,uh huh I seen Facebook
248,2014-01-29T17:00:00,increase,Negative,Im honest friend Facebook would see shit I go
249,2014-01-29T17:00:00,increase,Positive,JOJOGANG Yooo fam favor go facebook amp like music page 069zay go crazy comments amp show luv
250,2014-01-29T17:00:00,increase,Positive,Join us Like Facebook Page Nanton News
251,2014-01-29T17:00:00,increase,Positive,RT JOJOGANG Do favor fam go facebook amp like music page 069Zay turn dere amp show luv
252,2014-01-29T17:00:00,increase,Negative,My university confessions site damn isnt sad Canadian Reddit hosted facebook
253,2014-01-29T17:00:00,increase,Positive,I Facebook please like us loudoun county paranormal group
254,2014-01-29T17:00:00,increase,Negative,blocked facebook im sad
255,2014-01-29T17:00:00,increase,Negative,RT RIP Facebook many parents joined
256,2014-01-29T17:00:00,increase,Positive,Send pic bitch insta twitter Facebook youre asking send picture Are enough
257,2014-01-29T17:00:00,increase,Negative,All PCSD schools closed students employees Thursday January 30 per Paulding County School District Facebook page
258,2014-01-29T17:00:00,increase,Negative,Definitely cutting back Facebook djeezes app confronting
259,2014-01-29T17:00:00,increase,Positive,JOJOGANG Yooo fam favor go facebook amp like music page 069zay go crazy comments amp show luv
260,2014-01-29T17:00:00,increase,Negative,Damm RT If CANT get 911 please send message us Facebook Twitter
261,2014-01-29T17:00:00,increase,Negative,u gone mate cant find u anywhere facebook Those bets arent gunna win
262,2014-01-29T17:00:00,increase,Negative,Sees Login Facebook Closes page
263,2014-01-29T17:00:00,increase,Positive,2014 kim possible call beep text facebook tweet kik ask wan na reach
264,2014-01-29T17:00:00,increase,Negative,I tripping every time I get Facebook people inbox long ass paragraphs üòÇüò©üò©
265,2014-01-29T17:00:00,increase,Positive,JOJOGANG Yooo fam favor go facebook amp like music page 069zay go crazy comments amp show luv
266,2014-01-29T17:00:00,increase,Positive,Like us Facebook chance win many awesome prizes cultivateyourstate hydro grow garden water mwc
267,2014-01-29T17:00:00,increase,Negative,I seen girls facebook fighting somebody mom GTFOH somebody call self trying fight mom imma kill ass
268,2014-01-29T17:00:00,increase,Negative,Ugh grandma Facebook fb friends couple friends trying start political debates oy üòë
269,2014-01-29T17:00:00,increase,Positive,JOJOGANG Yooo fam favor go facebook amp like music page 069zay go crazy comments amp show luv
270,2014-01-29T17:00:00,increase,Positive,The sheer amount money Indians willing spend name MS post pictures Facebook amp Instagram Mindboggling
271,2014-01-29T17:00:00,increase,Negative,bloody right ruined lunch
272,2014-01-29T17:00:00,increase,Positive,Thank followers The Brooklyn Fair Facebook Page Invite friends family LIKE us
273,2014-01-29T17:00:00,increase,Negative,grandma tried post facebook wall made status instead üòÇüòÇ
274,2014-01-29T17:00:00,increase,Positive,RT Smh RT If CANT get 911 please send message us Facebook Twitter
275,2014-01-29T17:00:00,increase,Negative,Tried Facebook Graph Search It utterly useless Trying search post friend weeks ago
276,2014-01-29T17:00:00,increase,Positive,Have facebook
277,2014-01-29T17:00:00,increase,Positive,U change avi like Facebook lol
278,2014-01-29T17:00:00,increase,Positive,Congrats Steph RT yes take pic ‚Äô post Facebook ‚Äô even know I ‚Äô pregnant üòÇ
279,2014-01-29T17:00:00,increase,Positive,JOJOGANG Yooo fam favor go facebook amp like music page 069zay go crazy comments amp show luv
280,2014-01-29T17:00:00,increase,Negative,Never ever ever synching iPhoto Facebook Ever wearenevergettingbacktogether
281,2014-01-29T17:00:00,increase,Negative,See Facebook got BlackBerry 10 update didnt know go getters use BlackBerry 10 needed junk like
282,2014-01-29T17:00:00,increase,Positive,RT They need make edit button Twitter like Facebook
283,2014-01-29T17:00:00,increase,Negative,RT For drug testing lab updates check DUIDrug Court Facebook page If county govt closes lab open
284,2014-01-29T17:00:00,increase,Negative,ready ConfidentVideoTODAY beliebers notwitter nofacebook novevo notumblr nojesus nogod noworld
285,2014-01-29T17:00:00,increase,Negative,people still poking Facebook
286,2014-01-29T17:00:00,increase,Negative,Wednesday 3pm busiest time Facebook ALWAYS
287,2014-01-29T17:00:00,increase,Positive,RT moyes u take time waste time wazza rvp mata shinji adnan young waste time yes time valence waste‚Ä¶
288,2014-01-29T17:00:00,increase,Positive,How fuck edit privacy settings custom list created Facebook came current list functionality This bullshit
289,2014-01-29T17:00:00,increase,Positive,RT If CANT get 911 please send message us Facebook Twitter
290,2014-01-29T17:00:00,increase,Negative,So much drama goin Facebook Smh
291,2014-01-29T17:00:00,increase,Positive,Your facebook page gone mate Can either post second facebook page
292,2014-01-29T17:00:00,increase,Negative,RT penalties bad dog started throwing bad life way
293,2014-01-29T17:00:00,increase,Positive,Why would ask someone god parent child Facebook Classyüëçüëå
294,2014-01-29T17:00:00,increase,Negative,‚Äú penalties bad dog started throwing bad life way ‚Äù crying üòÇüòÇüòÇüòÇüòÇ
295,2014-01-29T17:00:00,increase,Positive,I love people took time write Who cares TSN facebook page announced regional rights
296,2014-01-29T17:00:00,increase,Negative,Bitch play Facebook hour We sposed learning
297,2014-01-29T17:00:00,increase,Negative,Noooo Muturi iPads given MP help interact Facebook Twitter
298,2014-01-29T17:00:00,increase,Positive,JOJOGANG Yooo fam favor go facebook amp like music page 069zay go crazy comments amp show luv
299,2014-01-29T17:00:00,increase,Positive,I like naked I aint gon na put nudes Facebook stuff lol
300,2012-07-24T17:00:00,decrease,Positive,RT 300 people liked bikini picture Facebook I bet lovely personality
301,2012-07-24T17:00:00,decrease,Negative,I wish facebook bringsobektofacebook
302,2012-07-24T17:00:00,decrease,Positive,For submitting videos contest upload Facebook mail email us You 27th
303,2012-07-24T17:00:00,decrease,Positive,official Nokia Facebook account
304,2012-07-24T17:00:00,decrease,Positive,dear twitter friends prove youre smarter facebook folk
305,2012-07-24T17:00:00,decrease,Negative,Facebook ghetto
306,2012-07-24T17:00:00,decrease,Positive,Also I dont give fuck youre opinion gun control Its said Now quit posting facebook
307,2012-07-24T17:00:00,decrease,Negative,You KNOW Im bored I get facebook lol hateit
308,2012-07-24T17:00:00,decrease,Positive,fitibuti ou facebook KKKKKKKKKKKKKKKKKKKKKKKKKKKKKKKKKKKKKKKKKKKKKKKKKKKKKKKKKK
309,2012-07-24T17:00:00,decrease,Negative,Facebook stress
310,2012-07-24T17:00:00,decrease,Positive,Me sacan las personas que usan facebook como twitter sacan
311,2012-07-24T17:00:00,decrease,Negative,That conversation Facebook depressing damn prolly truth
312,2012-07-24T17:00:00,decrease,Negative,BITCH Why would poke facebook TWEET ME FOR FUCK SAKE
313,2012-07-24T17:00:00,decrease,Positive,I went way back TL Facebook saw lot old comments statues wow
314,2012-07-24T17:00:00,decrease,Positive,RT Facebook Where bitches like bitch bitches bitches
315,2012-07-24T17:00:00,decrease,Positive,website facebook
316,2012-07-24T17:00:00,decrease,Negative,im screwed ever become famous people find old facebook photos tweets
317,2012-07-24T17:00:00,decrease,Positive,Twitter Facebook
318,2012-07-24T17:00:00,decrease,Positive,RT You say Selenas irrelevant followers Twitter 32 millions Facebook likes amp
319,2012-07-24T17:00:00,decrease,Positive,RT Facebook chaps
320,2012-07-24T17:00:00,decrease,Positive,RT Look forward following Catalysts progress Keep tweets posts facebook coming Xx
321,2012-07-24T17:00:00,decrease,Negative,Ever since Facebook took Instagram messed notokay
322,2012-07-24T17:00:00,decrease,Positive,RT Nothing changes Facebook relationship status faster weekend full tagged photos SocialMedia problems
323,2012-07-24T17:00:00,decrease,Positive,Had get facebook Ill twitter awhile safe
324,2012-07-24T17:00:00,decrease,Positive,All th stuff see twitter today saw facebook month ago
325,2012-07-24T17:00:00,decrease,Positive,go check yah Facebook lmao dt ho
326,2012-07-24T17:00:00,decrease,Positive,Someone accepted friend request facebook That request 2 years ago Thus deleted
327,2012-07-24T17:00:00,decrease,Positive,Facebook creepy profile different name using pictures profile picture im sacred advice
328,2012-07-24T17:00:00,decrease,Positive,take rate shxt back Facebook twitter remember twitter k thanks
329,2012-07-24T17:00:00,decrease,Positive,facebook amp tweet shell never text back
330,2012-07-24T17:00:00,decrease,Negative,And Ana Facebook 5 hours
331,2012-07-24T17:00:00,decrease,Positive,8 year old kids today Facebook twitter phones iPod When age I coloring book crayons chalk imagination
332,2012-07-24T17:00:00,decrease,Negative,RT I feel sad I see craft companys blog facebook page left untended Its like dont WANT make mone
333,2012-07-24T17:00:00,decrease,Positive,Someone telling right TB joshua told attah mills facebook tweet stfu
334,2012-07-24T17:00:00,decrease,Negative,hate facebook
335,2012-07-24T17:00:00,decrease,Positive,Facebook
336,2012-07-24T17:00:00,decrease,Positive,RT got facebook want add
337,2012-07-24T17:00:00,decrease,Negative,RT FACEBOOK WEAK AF
338,2012-07-24T17:00:00,decrease,Positive,Truth Facebook profile picture 2 people It always belongs ugly one
339,2012-07-24T17:00:00,decrease,Positive,te mande el WORD POR FACEBOOK
340,2012-07-24T17:00:00,decrease,Negative,I really truly hate facebook
341,2012-07-24T17:00:00,decrease,Negative,RT Blocked Facebook Done ‚úî Unfollowed Twitter Done ‚úî Erased Cell Phone Done ‚úî Deleted Heart Error ‚úñ
342,2012-07-24T17:00:00,decrease,Positive,sighs go Facebook profile page see Its rather impt
343,2012-07-24T17:00:00,decrease,Positive,Facebook Testing Subscribe Feature For Pages
344,2012-07-24T17:00:00,decrease,Positive,Im always entertained Facebook thinks Im human makes CAPTCHA
345,2012-07-24T17:00:00,decrease,Positive,Anybody wan na bring fine young lady food She pay instagramFacebook pictures tagged
346,2012-07-24T17:00:00,decrease,Positive,Facebook named Birthday Calender
347,2012-07-24T17:00:00,decrease,Positive,reeder Facebook sharing use rss feeds
348,2012-07-24T17:00:00,decrease,Negative,Por que sol abre twitter facebook
349,2012-07-24T17:00:00,decrease,Negative,fuck Facebook Im MySpace aim
350,2012-07-24T17:00:00,decrease,Positive,When upload u set ur account auto post facebook wall Very useful
351,2012-07-24T17:00:00,decrease,Positive,hi How I sync Nike account fuel band app shows Nike friends well Facebook Thanks
352,2012-07-24T17:00:00,decrease,Negative,leave shit facebook myspace nig
353,2012-07-24T17:00:00,decrease,Negative,Deactivate Facebook I cant log Draw Something fwp
354,2012-07-24T17:00:00,decrease,Positive,yea theres plethora Facebook
355,2012-07-24T17:00:00,decrease,Positive,Facebook Tweet win Free MPs I scored 1347rank AZtsWhiteblue6LPRO TAPSONIC
356,2012-07-24T17:00:00,decrease,Positive,RT So hate Facebook Thanks sharing Facebook
357,2012-07-24T17:00:00,decrease,Positive,lol Facebook fights funny laughingtomyself yourpathetic
358,2012-07-24T17:00:00,decrease,Negative,I hate Facebook bought Instagram Its slowest network ever
359,2012-07-24T17:00:00,decrease,Negative,FACEBOOK WEAK AF
360,2012-07-24T17:00:00,decrease,Positive,Pls ‚Äú Prayer To Jesus ‚Äù making waves facebook Visit williamwrickettscom
361,2012-07-24T17:00:00,decrease,Positive,Everytime I see RT facebook I think say retweet
362,2012-07-24T17:00:00,decrease,Positive,Monique going phases deactivating Facebook
363,2012-07-24T17:00:00,decrease,Negative,RT Bitches Facebook ugly Fuck Ctfu Not But Bitches swear bad Naw bitch looking bad wayyy
364,2012-07-24T17:00:00,decrease,Positive,RT Twitter made love strangers Ive never met Facebook made hate people Ive known life
365,2012-07-24T17:00:00,decrease,Positive,On facebook unfriending spree
366,2012-07-24T17:00:00,decrease,Positive,Is way block girly tumblr posts facebook twitter
367,2012-07-24T17:00:00,decrease,Positive,This angers u RT Wen facebook ppl say Thankz add wen u dd ACCept request u added maaan
368,2012-07-24T17:00:00,decrease,Negative,RT hardly fuck twitter facebook got much shit going
369,2012-07-24T17:00:00,decrease,Positive,Love facebook amp twitter damn time
370,2012-07-24T17:00:00,decrease,Negative,cricinfo geo facebook
371,2012-07-24T17:00:00,decrease,Positive,John Tobiasan diginterp I seen MANY times throwing facebook twitter page strategy dead site 3 months
372,2012-07-24T17:00:00,decrease,Positive,John Tobiasan diginterp I seen MANY times throwing facebook twitter page strategy dead site 3 months
373,2012-07-24T17:00:00,decrease,Negative,Facebook creepy feel need notify one friends uploads photo changes status
374,2012-07-24T17:00:00,decrease,Positive,E esse chat facebook bugado
375,2012-07-24T17:00:00,decrease,Positive,Dear Facebook I WANTED everybody know I reading online I would link KTHXBYE
376,2012-07-24T17:00:00,decrease,Positive,ones Riley posing ones uploaded Facebook x
377,2012-07-24T17:00:00,decrease,Positive,Facebook hoes names like ShaKweetuh WakaFlockaNuttedInMe Johnson
378,2012-07-24T17:00:00,decrease,Negative,I straight fogot facebook usernamee nd password
379,2012-07-24T17:00:00,decrease,Negative,NEVER Im making public announcement NEVER weird friend brother Facebook
380,2012-07-24T17:00:00,decrease,Positive,Dear Facebook Friends I really dont care 1000 coins something Facebook casino game
381,2012-07-24T17:00:00,decrease,Positive,RT You say Selenas irrelevant followers Twitter 32 millions Facebook likes amp
382,2012-07-24T17:00:00,decrease,Positive,al fin esta soleado gracias facebook
383,2012-07-24T17:00:00,decrease,Positive,8 year old kids today Facebook twitter phones iPod When age I coloring book crayons chalk imagination
384,2012-07-24T17:00:00,decrease,Negative,facebook gone
385,2012-07-24T17:00:00,decrease,Positive,youre different state check Facebook youll know weather Maine WeGetIt ItsRaining
386,2012-07-24T17:00:00,decrease,Positive,Facebook haha
387,2012-07-24T17:00:00,decrease,Positive,facebook
388,2012-07-24T17:00:00,decrease,Positive,lol youu new notification facebook
389,2012-07-24T17:00:00,decrease,Positive,AwkwardMoment diva family member never noticed defriended sends Facebook friend request O LetsJustBeAcquaintences
390,2012-07-24T17:00:00,decrease,Negative,It 3 months since last post facebook birthday Who wants wall still get flooded happy birthdays
391,2012-07-24T17:00:00,decrease,Positive,Facebook better Twitter
392,2012-07-24T17:00:00,decrease,Positive,Hi folks FREE MEMBERSHIP OFFER extended See NextDoor Arklow Facebook page details inviteyourfriends RT
393,2012-07-24T17:00:00,decrease,Positive,RT So hate Facebook Thanks sharing Facebook
394,2012-07-24T17:00:00,decrease,Positive,At work facebook youtube nails
395,2012-07-24T17:00:00,decrease,Negative,Has Two FaceBook ever right anything
396,2012-07-24T17:00:00,decrease,Positive,RT Is Twitter turning Facebook
397,2012-07-24T17:00:00,decrease,Positive,Actually idea half people add Facebook
398,2012-07-24T17:00:00,decrease,Negative,Twitter turnin Facebook You miss much
399,2012-07-24T17:00:00,decrease,Negative,I salty hell I go Facebook see girl age 30 year old
400,2012-05-18T17:00:00,decrease,Negative,u already kno peeped videos 2 dat shyt go hard homie amp yea da facebook poppin nfamous stat jonez linkUp
401,2012-05-18T17:00:00,decrease,Positive,Time spent Facebook indirectly proportional time spent Twitter
402,2012-05-18T17:00:00,decrease,Positive,RT Feels odd Burkina Faso covering food crisis amp watching timeline tweeting Faceboo
403,2012-05-18T17:00:00,decrease,Positive,So Zuckerberg 29th richest person earth Will OWS delete Facebook accounts
404,2012-05-18T17:00:00,decrease,Positive,ampiquest Follow us FaceBook CollectibleShopping CherishedTeddies
405,2012-05-18T17:00:00,decrease,Positive,Yahoos top news story every day something Facebook Facebook runs world
406,2012-05-18T17:00:00,decrease,Positive,RT would kind crazy everyone deleted Facebook went public
407,2012-05-18T17:00:00,decrease,Negative,I torn buying onefifth share Facebook stock gallon gas Venti soy latte Decisions decisions
408,2012-05-18T17:00:00,decrease,Negative,RT I 90 friends Facebook 12 pending 90 friends anyone
409,2012-05-18T17:00:00,decrease,Positive,RT That moment tell someone Google amp actually pop Faceb
410,2012-05-18T17:00:00,decrease,Negative,RT 1 Facebook officially public company2 Mark Zuckerberg worth 210000000003 FB iPhone app still blows
411,2012-05-18T17:00:00,decrease,Negative,Let go buy stock Facebook
412,2012-05-18T17:00:00,decrease,Positive,Seems odd Facebook trending topic
413,2012-05-18T17:00:00,decrease,Positive,1 Facebook officially public company 2 Mark Zuckerberg worth 21000000000
414,2012-05-18T17:00:00,decrease,Negative,I cant stand Facebook
415,2012-05-18T17:00:00,decrease,Positive,Im confident new Facebook bmillionaires charitable issues I care years come congrats
416,2012-05-18T17:00:00,decrease,Positive,lml lets see wats good wit facebook
417,2012-05-18T17:00:00,decrease,Positive,see Facebook msgevent Lorelai join
418,2012-05-18T17:00:00,decrease,Negative,lol one lol twitter barely Facebook
419,2012-05-18T17:00:00,decrease,Negative,Im stalker Facebook ridiculous
420,2012-05-18T17:00:00,decrease,Negative,RT On FB Some people would rather check Facebook face checkbook
421,2012-05-18T17:00:00,decrease,Negative,Facebook didnt exist power
422,2012-05-18T17:00:00,decrease,Positive,listening music hanging friends twitter facebook today get better lt3
423,2012-05-18T17:00:00,decrease,Negative,Falando com gordo Facebook
424,2012-05-18T17:00:00,decrease,Positive,We 1 follower away 100 5280 Flair Facebook Follow us news upcoming competition LODOs Bar downtown June 1819
425,2012-05-18T17:00:00,decrease,Positive,Trending Facebook Yahoo Microsoft Amazon FacebookInc HBO FinancialTimes AAPLAppleInc PiraeusBank Xinhua
426,2012-05-18T17:00:00,decrease,Negative,‚Äú 1 Facebook officially public company2 Mark Zuckerberg worth 210000000003 FB iPhone app still blows ‚Äù NETAAAA
427,2012-05-18T17:00:00,decrease,Positive,Facebook shares came todayI plan start Catface someday catsmeow amsterdam haarlem liefs Pris S heemstede
428,2012-05-18T17:00:00,decrease,Positive,42 one share Facebook stock I would totes buy itif I knew one purchases stock
429,2012-05-18T17:00:00,decrease,Positive,The guy owns Facebook worth 19 billion dollars
430,2012-05-18T17:00:00,decrease,Positive,facebook grece Incroyable les grecs retirent leur argent des banques pour acheter des actions Facebook
431,2012-05-18T17:00:00,decrease,Negative,Never knew weak azz hell Facebook I got tweeter account HYFR
432,2012-05-18T17:00:00,decrease,Negative,RT 1 Facebook officially public company2 Mark Zuckerberg worth 210000000003 FB iPhone app still blows
433,2012-05-18T17:00:00,decrease,Positive,If buy share Facebook youre stupid
434,2012-05-18T17:00:00,decrease,Negative,RT 1 Facebook officially public company2 Mark Zuckerberg worth 210000000003 FB iPhone app still blows
435,2012-05-18T17:00:00,decrease,Positive,Since Facebook everybodys grill andor stream today might I reco FF amp alternative social network
436,2012-05-18T17:00:00,decrease,Negative,I feel like Im cheating Facebook imsorry
437,2012-05-18T17:00:00,decrease,Positive,Dos palabras Facebook Off
438,2012-05-18T17:00:00,decrease,Negative,Facebook gon na make themself worth 108b Mark Zuckerberg 50 share His fucking rich
439,2012-05-18T17:00:00,decrease,Positive,RT NYT NEWS ALERT Facebook Shares Rise 10 Trading Begins
440,2012-05-18T17:00:00,decrease,Negative,No offense Zuckerberg amp Co I could care less Facebook went public today unless site magically become better somehow
441,2012-05-18T17:00:00,decrease,Negative,RT Facebook IPO needs treated like Zynga game fun watch nothing want spend money 110 BILLION mkt
442,2012-05-18T17:00:00,decrease,Negative,I personally think Facebook fad thats failing They arent capturing attention way used
443,2012-05-18T17:00:00,decrease,Positive,Ill facebook friend
444,2012-05-18T17:00:00,decrease,Negative,All hype facebook IPO turns dull crappy yuck bwahahaah
445,2012-05-18T17:00:00,decrease,Negative,android Finance app crashes I try add facebook ticker Bug feature
446,2012-05-18T17:00:00,decrease,Negative,I DID IT Pretty soon Ill officially nice chunk Facebook My CPA like HATES right Whatever His problem problem
447,2012-05-18T17:00:00,decrease,Positive,Ill facebook friend
448,2012-05-18T17:00:00,decrease,Negative,essentially bunch paid 40quid facebook account Got mine free Im going work LSE
449,2012-05-18T17:00:00,decrease,Negative,RT I 90 friends Facebook 12 pending 90 friends anyone
450,2012-05-18T17:00:00,decrease,Negative,IReallyWant deactivate facebook cant friendshipissues
451,2012-05-18T17:00:00,decrease,Negative,Every time I log onto facebook lose hope humanitySays lot people unfortunately know All cool peeps twitter
452,2012-05-18T17:00:00,decrease,Negative,RT Joke traveling around Facebook Why Facebook going public Because couldnt figure privacy settings
453,2012-05-18T17:00:00,decrease,Positive,RT remember facebook didnt exist got college given actual book everyones face calle
454,2012-05-18T17:00:00,decrease,Positive,Facebook Wats
455,2012-05-18T17:00:00,decrease,Positive,RT Seems hard believe could worth muchbe careful invest And Mark Zuckerbergget prenup
456,2012-05-18T17:00:00,decrease,Negative,Marketing guru GM Facebook hasnt worked stupid
457,2012-05-18T17:00:00,decrease,Positive,Dang Chicken Soup Stock ltfacepalmgt RT So Im curious Who bought Facebook stock
458,2012-05-18T17:00:00,decrease,Positive,That awkward moment forget youre friends facebook suggest bandpage
459,2012-05-18T17:00:00,decrease,Negative,Facebook went public yesterday EST 1100 AM value 38 per stock since theyve raised 1841 billion stock cost 4118
460,2012-05-18T17:00:00,decrease,Negative,Just got timeline Facebook It better piss
461,2012-05-18T17:00:00,decrease,Negative,RT I 90 friends Facebook 12 pending 90 friends anyone
462,2012-05-18T17:00:00,decrease,Positive,Whats stance facebook shares made available public A good idea
463,2012-05-18T17:00:00,decrease,Positive,RT Today Facebook goes public amp twitter account
464,2012-05-18T17:00:00,decrease,Positive,Lets celebrate Facebooks IPO thinking rich people getting richer bc information voluntarily typed FB FB
465,2012-05-18T17:00:00,decrease,Negative,RT Why Facebook going publicThey couldnt figure privacy settings either
466,2012-05-18T17:00:00,decrease,Positive,Changed profile pic Facebook times recently
467,2012-05-18T17:00:00,decrease,Positive,RT One greatest fears Facebook accidentally using status update search bar
468,2012-05-18T17:00:00,decrease,Negative,RT 1 Facebook officially public company2 Mark Zuckerberg worth 210000000003 FB iPhone app still blows
469,2012-05-18T17:00:00,decrease,Negative,Wishin I could get hands Facebook stock But I idea NASDAQ works numbersfrightenme
470,2012-05-18T17:00:00,decrease,Positive,first weve heard please let us know next time phone email twitter facebook
471,2012-05-18T17:00:00,decrease,Positive,ill facebook friend lol
472,2012-05-18T17:00:00,decrease,Negative,I asked 24ish folks primary communications tool Most dropped facebook bc timeline 1 email text
473,2012-05-18T17:00:00,decrease,Negative,Why bother facebook lolsie
474,2012-05-18T17:00:00,decrease,Positive,Every time Facebooks share price rises 001 Mark Zuckerbergs wealth grows 9740114
475,2012-05-18T17:00:00,decrease,Positive,21M Facebook umm need raise price fb used google people soooo def
476,2012-05-18T17:00:00,decrease,Positive,facebook easier
477,2012-05-18T17:00:00,decrease,Positive,Add facebook Rondashit
478,2012-05-18T17:00:00,decrease,Negative,Facebooks History From Dorm To IPO Darling
479,2012-05-18T17:00:00,decrease,Negative,RT I really cant keep significant ways Facebook IPO affecting daytoday life There
480,2012-05-18T17:00:00,decrease,Positive,RT Just saw picture Tupac Facebook said like know Is real life Stick pictures
481,2012-05-18T17:00:00,decrease,Positive,RT I repeat earlier point Users wont pay nickel use Facebook wan na pay 100 billion shares
482,2012-05-18T17:00:00,decrease,Positive,RT Facebook trades 82 million shares first 30 seconds
483,2012-05-18T17:00:00,decrease,Positive,SONDAGE Facebook ou Twitter
484,2012-05-18T17:00:00,decrease,Negative,Facebook app general blows regardless OS
485,2012-05-18T17:00:00,decrease,Negative,RT Facebook blah blah Facebook blah blah blah WEEKEND
486,2012-05-18T17:00:00,decrease,Positive,RT Just bought hugely overpriced Facebook shares middle worldwide economic crisis What could possibly g
487,2012-05-18T17:00:00,decrease,Negative,RT 1 Facebook officially public company2 Mark Zuckerberg worth 210000000003 FB iPhone app still blows
488,2012-05-18T17:00:00,decrease,Positive,Facebook going IPO today priceearnings ratio 1001 TIME TO SHORT SELL MY BROTHERS
489,2012-05-18T17:00:00,decrease,Positive,‚Äú NOTICE You Tube Twitter amp Facebook merging The new program called YouTwitFace ‚Äù
490,2012-05-18T17:00:00,decrease,Negative,Ive sat yall dimwits said Facebook done soon MySpace died almost four years ago Lol
491,2012-05-18T17:00:00,decrease,Negative,RT Facebook new American Dream Get idea build something renounce citizenship avoid taxes sell billions
492,2012-05-18T17:00:00,decrease,Negative,RT If Obama seized Facebooks 108 billion could pay 07 national debt ZuckerbergRule
493,2012-05-18T17:00:00,decrease,Positive,te conto facebook
494,2012-05-18T17:00:00,decrease,Negative,RT If Obama seized Facebooks 108 billion could pay 07 national debt ZuckerbergRule
495,2012-05-18T17:00:00,decrease,Positive,RT facebook due sack use mail wae lads
496,2012-05-18T17:00:00,decrease,Positive,RT Facebook Now worth eBay Yahoo Groupon LinkedIn Netflix IACInterActiveCorp AOL Zynga Pandora Media
497,2012-05-18T17:00:00,decrease,Negative,I heard joke What U get U stay home mom whos kids school shes always Facebook An Unkept home
498,2012-05-18T17:00:00,decrease,Negative,RT Not popping 100B best thing could happened Facebook IPO
499,2012-05-18T17:00:00,decrease,Positive,RT One greatest fears Facebook accidentally using status update search bar
500,2013-01-28T17:00:00,decrease,Negative,RT much animal cruelty facebook right
501,2013-01-28T17:00:00,decrease,Negative,RT Debating whether delete facebook
502,2013-01-28T17:00:00,decrease,Positive,Done DEACTIVED FACEBOOK
503,2013-01-28T17:00:00,decrease,Positive,everyone I know use Facebook Ill stick
504,2013-01-28T17:00:00,decrease,Positive,47 xDisney Channel vs Nickelodeon48 Pizza vs xGelato49x Twitter vs Facebook50 xInstagram vs Tumblr
505,2013-01-28T17:00:00,decrease,Positive,I know I saw facebook Ill get chocolate cake D
506,2013-01-28T17:00:00,decrease,Positive,Facebook pretty much family website
507,2013-01-28T17:00:00,decrease,Positive,RT GALERA TROCO PAGINA NO FACEBOOK POR TWITTER GRANDE
508,2013-01-28T17:00:00,decrease,Positive,RT GALERA TROCO PAGINA NO FACEBOOK POR TWITTER GRANDE
509,2013-01-28T17:00:00,decrease,Positive,RT GALERA TROCO PAGINA NO FACEBOOK POR TWITTER GRANDE
510,2013-01-28T17:00:00,decrease,Positive,I aint got friends Facebook ig twitter lol I get three talk bam amp kesha ‚ô•
511,2013-01-28T17:00:00,decrease,Positive,I feel like texting someone happy birthday sincere posting someones Facebook wall
512,2013-01-28T17:00:00,decrease,Positive,RT GALERA TROCO PAGINA NO FACEBOOK POR TWITTER GRANDE
513,2013-01-28T17:00:00,decrease,Positive,RT GALERA TROCO PAGINA NO FACEBOOK POR TWITTER GRANDE
514,2013-01-28T17:00:00,decrease,Negative,Tem gente que enche saco nesse facebook
515,2013-01-28T17:00:00,decrease,Positive,RT GALERA TROCO PAGINA NO FACEBOOK POR TWITTER GRANDE
516,2013-01-28T17:00:00,decrease,Negative,RT facebook girls sucking tampons sex dogs Chinese girl getting licked pigI dont even know
517,2013-01-28T17:00:00,decrease,Positive,RT GALERA TROCO PAGINA NO FACEBOOK POR TWITTER GRANDE
518,2013-01-28T17:00:00,decrease,Positive,Every I need click one footer links Facebook Try
519,2013-01-28T17:00:00,decrease,Positive,RT GALERA TROCO PAGINA NO FACEBOOK POR TWITTER GRANDE
520,2013-01-28T17:00:00,decrease,Positive,RT GALERA TROCO PAGINA NO FACEBOOK POR TWITTER GRANDE
521,2013-01-28T17:00:00,decrease,Positive,RT GALERA TROCO PAGINA NO FACEBOOK POR TWITTER GRANDE
522,2013-01-28T17:00:00,decrease,Positive,send facebook
523,2013-01-28T17:00:00,decrease,Positive,RT If big tits take tons cleavage shots Facebook hot nice boobs No one ca
524,2013-01-28T17:00:00,decrease,Positive,Whats You Facebook status
525,2013-01-28T17:00:00,decrease,Positive,Im Twitter family Facebook
526,2013-01-28T17:00:00,decrease,Positive,In Which Year You JoinedFACEBOOK D 200420052006200720082009 2010201120122013Reply Fast
527,2013-01-28T17:00:00,decrease,Positive,Congratulations Will Agostino reaching fifth prestige well becoming Facebook admin Your accomplishments astound us sir
528,2013-01-28T17:00:00,decrease,Positive,Two crucial matches Africa Cup Nations way Get involved using bbcafcon Facebook African Football BBC page
529,2013-01-28T17:00:00,decrease,Negative,wondering wheres Facebook deleted babexxxxxxxxxxxx
530,2013-01-28T17:00:00,decrease,Negative,seemingly nowhere everyone started saying Ooooh Facebook watch Google comin get ya soshulmeedea
531,2013-01-28T17:00:00,decrease,Negative,You block facebook going die die die die die
532,2013-01-28T17:00:00,decrease,Negative,RT one Modells relatives stole Farm Facebook moved
533,2013-01-28T17:00:00,decrease,Positive,Tomorrow go live audio stream broadcasting 1800pm CAT links check DeepSoul RadioCast Facebook fan page
534,2013-01-28T17:00:00,decrease,Negative,Been posting pictures facebook made wish I fucking oomf right nowugh
535,2013-01-28T17:00:00,decrease,Positive,LIKE U SONFACEBOOKa sign I see every morning
536,2013-01-28T17:00:00,decrease,Negative,hope youre gon na stick around facebook jojoit wont dont
537,2013-01-28T17:00:00,decrease,Negative,Why people I dont like insist adding Facebook Goaway
538,2013-01-28T17:00:00,decrease,Positive,Want everyone come motion 23rd n celebrate birth afraid make Facebook event case one responds üëå
539,2013-01-28T17:00:00,decrease,Negative,‚òëTwitter ‚òë Bbm ‚òë Facebook ‚òë Youtube ‚òê Homework
540,2013-01-28T17:00:00,decrease,Positive,Lol girl Facebook quoted Thomas S Monson I dont think knows hes prophet
541,2013-01-28T17:00:00,decrease,Positive,hahah ill mail facebook
542,2013-01-28T17:00:00,decrease,Positive,RT That top girl come back one high school term ajiite Chopi Divalicious Hawtbabe facebook
543,2013-01-28T17:00:00,decrease,Positive,RT Gautam Gambhir feels happy becoming brand ambassador Facebooks poke feature CricketNightmares
544,2013-01-28T17:00:00,decrease,Positive,RT conectate en facebook ya
545,2013-01-28T17:00:00,decrease,Negative,‚Äú Im Twitter family Facebook ‚Äù gtgtgtgtgtgtgtgt TRUUUUUUUUUU
546,2013-01-28T17:00:00,decrease,Positive,Facebook ON
547,2013-01-28T17:00:00,decrease,Positive,The GotGame Initiative Facebook launch countdown
548,2013-01-28T17:00:00,decrease,Positive,probably via facebook twitter us telling Unless press release type thing send round
549,2013-01-28T17:00:00,decrease,Positive,Lots ToryBurch given away past week Be sure check us Facebook see giving away next fashion
550,2013-01-28T17:00:00,decrease,Negative,I never understand people put relationship drama twitter facebook
551,2013-01-28T17:00:00,decrease,Positive,RT As woman becomes successful less liked Sheryl Sandberg Facebook COO Except John Kerry like
552,2013-01-28T17:00:00,decrease,Positive,RT As woman becomes successful less liked Sheryl Sandberg Facebook COO Except John Kerry like
553,2013-01-28T17:00:00,decrease,Positive,‚Äú Wifi WiMAX Skype OTT Facebook All shortterm irritants ‚Äù 2 things death 1000 cuts telco Xco
554,2013-01-28T17:00:00,decrease,Negative,RT Think time completely fuck Facebook seeing iv seen girl getting fucked dog baby tatto
555,2013-01-28T17:00:00,decrease,Negative,Its sad Im feeling bit lost facebook 24hrs
556,2013-01-28T17:00:00,decrease,Positive,Drunk please hold back drunk texting tweeting Facebook Thank sober
557,2013-01-28T17:00:00,decrease,Positive,D DeadT Fat chick posts picture Facebook Fresh shower Me You spelled ocean wrong
558,2013-01-28T17:00:00,decrease,Positive,RT Good Morning thanks follow sure Like us Facebook
559,2013-01-28T17:00:00,decrease,Positive,I 2 may facebook
560,2013-01-28T17:00:00,decrease,Negative,Why I always get upset EVERYTIME I go facebook everytime Im Twitter I feel much better WHY
561,2013-01-28T17:00:00,decrease,Negative,You know Im glad best friend hasnt found twitter If Facebook annoys holy shit would annoy fuck
562,2013-01-28T17:00:00,decrease,Positive,Naaah havent seen heard haa ina min ithink ha fone offf facebook doe well sometimes havent communication
563,2013-01-28T17:00:00,decrease,Positive,üòÇ Think look video I put Facebook üëØ
564,2013-01-28T17:00:00,decrease,Positive,RT I hope Facebook farm burns virtual ground animals virtually die Al Gore invent
565,2013-01-28T17:00:00,decrease,Positive,Instagramming collage friends bday actually cool way tell happy birthday Way better Facebook
566,2013-01-28T17:00:00,decrease,Positive,GAH FACEBOOK YOU MAKE ME STUPID OTL
567,2013-01-28T17:00:00,decrease,Positive,‚Äú Tweet us first thing check Monday morning Facebook BankAccount schedule twitter ‚Äù Porn
568,2013-01-28T17:00:00,decrease,Positive,RT Waking mornings amp laying bed extra 15 mins catch Facebook twitter feed Ins
569,2013-01-28T17:00:00,decrease,Negative,RT I dont know Ive deactivate Facebook Xx
570,2013-01-28T17:00:00,decrease,Positive,You dont like Im Facebook status
571,2013-01-28T17:00:00,decrease,Positive,RT Inspector Gadget made Penny would ipad shed use facebook shed resent uncle
572,2013-01-28T17:00:00,decrease,Positive,Im Twitter family Facebook Cc
573,2013-01-28T17:00:00,decrease,Positive,Only 75 likes could get free breakfast lunch Facebook
574,2013-01-28T17:00:00,decrease,Positive,Supposedly make TARDIS emoticon facebook chat typing tardisemoticon
575,2013-01-28T17:00:00,decrease,Positive,id delete facebook prefer seeing happy without
576,2013-01-28T17:00:00,decrease,Positive,Lool Facebook There weird
577,2013-01-28T17:00:00,decrease,Positive,RT As woman becomes successful less liked Sheryl Sandberg Facebook COO Except John Kerry like
578,2013-01-28T17:00:00,decrease,Negative,My facebook app jelous twitter app rite nolove throwingsalt
579,2013-01-28T17:00:00,decrease,Positive,RT Facebook famous fags deserve strung tight tree left squeal Seen 1 lad setting Meeting give
580,2013-01-28T17:00:00,decrease,Positive,NO I dont DunyaTV Facebook According IRI survey PMLN popular party Pakistan Do agree
581,2013-01-28T17:00:00,decrease,Positive,Facebook knocking badn
582,2013-01-28T17:00:00,decrease,Negative,Last year lent I gave facebook I really dont think I could give twitter
583,2013-01-28T17:00:00,decrease,Positive,RT Facebook lot like ancient Egypt people write walls worship cats KCCO
584,2013-01-28T17:00:00,decrease,Negative,RT What fuck Facebook girls fucking dogs Jesssssus
585,2013-01-28T17:00:00,decrease,Positive,YES YES This right RT Im Twitter family Facebook
586,2013-01-28T17:00:00,decrease,Positive,Erm like week favourited tweet replied facebook post even Im happy
587,2013-01-28T17:00:00,decrease,Positive,This low point life top suggested pages like facebook Lidl
588,2013-01-28T17:00:00,decrease,Negative,go facebook account boring im facebook always miss best bits
589,2013-01-28T17:00:00,decrease,Negative,RT sad facebook getting followers really
590,2013-01-28T17:00:00,decrease,Positive,RT Twitter Tumblr Facebook e Instagram Las 4 vidas de todos
591,2013-01-28T17:00:00,decrease,Positive,RT As woman becomes successful less liked Sheryl Sandberg Facebook COO Except John Kerry like
592,2013-01-28T17:00:00,decrease,Negative,Why Levie Facebook
593,2013-01-28T17:00:00,decrease,Negative,oh nevermind cuz saw something facebook 10tv said lockdown
594,2013-01-28T17:00:00,decrease,Negative,miss l mobile etsraa2f whatsapp Facebook
595,2013-01-28T17:00:00,decrease,Positive,RT Head Facebook MixersMonday challenge Mixers HQ x Ps Heres little clue could
596,2013-01-28T17:00:00,decrease,Positive,RT tirame por facebook pa mandayela
597,2013-01-28T17:00:00,decrease,Negative,post Facebook see anyone wants HAHAHAHHAHAHAHAH kidding thats embarrassing
598,2013-01-28T17:00:00,decrease,Positive,My boss likes creep Facebook accounts Thank god doesnt twitter üò≥
599,2013-01-28T17:00:00,decrease,Negative,Mom Why putting hash tags Facebook No Just
600,2014-05-28T17:00:00,neutral,Negative,Theres crying Twitter thats Facebook account
601,2014-05-28T17:00:00,neutral,Negative,sorry BOO dont got ta facebook
602,2014-05-28T17:00:00,neutral,Positive,please tell youre wests Facebook I got asked wasnt real gtlt
603,2014-05-28T17:00:00,neutral,Positive,story Maya Angelou facebook really inspirational great post Thanks
604,2014-05-28T17:00:00,neutral,Negative,que mal que anda facebook
605,2014-05-28T17:00:00,neutral,Positive,Hello Thanks follow Check us Facebook southerncurvesspirits Savannahvodka
606,2014-05-28T17:00:00,neutral,Negative,You praying good lord stairs reaching AA like every alcohol post facebookTySmikleisanAlcoholic
607,2014-05-28T17:00:00,neutral,Negative,28th May 2nd message Facebook Asian Soccer Ninja Basically nothing happening tonight
608,2014-05-28T17:00:00,neutral,Negative,well thats IT Facebook ALL GONE phone amp tablet How monstrous Recording home convos phone mic OMG
609,2014-05-28T17:00:00,neutral,Positive,wow notnotmag hihintay sa reply ng aso parang Text lang haparang tweeter facebook lang haWalangNaitulong
610,2014-05-28T17:00:00,neutral,Positive,loom bands facebook makes want loom band
611,2014-05-28T17:00:00,neutral,Positive,Use facebook order cure thine whereabouts professional multilateral trade kXSCKnC
612,2014-05-28T17:00:00,neutral,Positive,Facebook workingbored
613,2014-05-28T17:00:00,neutral,Negative,Facebook seems useless summer tbh
614,2014-05-28T17:00:00,neutral,Negative,Itamp8217s raining Itamp8217s pouring Facebook boring Iamp8217m bored death Iamp8217m going bed hopefully weamp8217l
615,2014-05-28T17:00:00,neutral,Positive,I friends mom facebook Too funny üòÇ
616,2014-05-28T17:00:00,neutral,Positive,Keep getting candy crush game requests Facebook I wonder
617,2014-05-28T17:00:00,neutral,Positive,RT Today start 6 day workingtogether tour across Commonwealth Be sure follow along Facebook ‚Ä¶
618,2014-05-28T17:00:00,neutral,Negative,goes facebook sees something stupid gross remembers doesnt go facebook
619,2014-05-28T17:00:00,neutral,Negative,Seems like started someone Facebook RT Vusani Is someones idea sick joke
620,2014-05-28T17:00:00,neutral,Negative,looking old facebook photos like im begging feel bad
621,2014-05-28T17:00:00,neutral,Positive,Facebook scale back amount thirdparty contents Facebookowned Instagrams Really smart Zuck‚Ä¶
622,2014-05-28T17:00:00,neutral,Positive,Twitter pe sab celebsInstagram pe sab photographers Soundcloud pe sab singers Facebook pe sab cool dudes Aur real life mei sab chutiye
623,2014-05-28T17:00:00,neutral,Positive,Watch Beyonce write John Mayers XO Facebook Instagram
624,2014-05-28T17:00:00,neutral,Positive,Could like Facebook info Just post wall something nonchalant like HidingInPlainSight
625,2014-05-28T17:00:00,neutral,Negative,QuieroApretarUnBotonY que se habra Facebook Twitter Youtube Ask
626,2014-05-28T17:00:00,neutral,Positive,RT All On My Facebook üòí
627,2014-05-28T17:00:00,neutral,Positive,arrange stickers anyways youd like P msg us Facebook
628,2014-05-28T17:00:00,neutral,Negative,I wonder people Facebook know Maya Angelou died Id tell em I dont want account reported
629,2014-05-28T17:00:00,neutral,Negative,Its hard unplug Cant completely Hello Facebook amp Instagram But need offline time loved ones
630,2014-05-28T17:00:00,neutral,Positive,Facebook RT IndonesiaHEBATmilikkita Twitter Instagram Facebook
631,2014-05-28T17:00:00,neutral,Negative,I use write gayest statuses Facebook apparently
632,2014-05-28T17:00:00,neutral,Positive,yes facebook If u youl get sumthin
633,2014-05-28T17:00:00,neutral,Positive,RT virtual Theres probably game called going outside play Facebook
634,2014-05-28T17:00:00,neutral,Positive,twitters new update looks like old facebook looks like new facebook
635,2014-05-28T17:00:00,neutral,Negative,delicia blocked Facebook üòÇüòÇüëè
636,2014-05-28T17:00:00,neutral,Negative,Sorry spamming facebook timelines üòÖ
637,2014-05-28T17:00:00,neutral,Positive,Have heard scholarship lottery Visit Facebook page information BramsonORTCollege
638,2014-05-28T17:00:00,neutral,Positive,Be sure follow UNCFNola Facebook Twitter Instagram uncf
639,2014-05-28T17:00:00,neutral,Positive,RT OK Im deleting tweet I saw many many posts Facebook gone pall‚Ä¶
640,2014-05-28T17:00:00,neutral,Positive,Especially Facebook people add anyone Im like thats last bastion XD
641,2014-05-28T17:00:00,neutral,Negative,Just delete Facebook I went pictures ashamed
642,2014-05-28T17:00:00,neutral,Positive,omg Justin twitter aka facebook
643,2014-05-28T17:00:00,neutral,Positive,Facebook notified thats birthday I know partying heavenüíï Ill see soon friend
644,2014-05-28T17:00:00,neutral,Positive,IM REFRESHING FACEBOOK PAGE AND I DONT SEE ANYTHING
645,2014-05-28T17:00:00,neutral,Positive,Whenever someone writes Please like page uses quotations around like I think Dr Evil macarena hip
646,2014-05-28T17:00:00,neutral,Positive,Looking back old Facebook photos crack üòÇ
647,2014-05-28T17:00:00,neutral,Positive,RT Today start 6 day workingtogether tour across Commonwealth Be sure follow along Facebook ‚Ä¶
648,2014-05-28T17:00:00,neutral,Positive,People change twitter names birthday dates please go back facebook miss
649,2014-05-28T17:00:00,neutral,Positive,KORS loved fansHas 13M Facebook fans double larger rival COH 53M KATE 15M Tory Burch ‚Äô 1M leader
650,2014-05-28T17:00:00,neutral,Positive,Just let people get Facebook yeah Its thing CB thing
651,2014-05-28T17:00:00,neutral,Negative,So Iran summons Mark Zuckerberg court privacy concerns I laughed loud Facebook
652,2014-05-28T17:00:00,neutral,Positive,Today start 6 day workingtogether tour across Commonwealth Be sure follow along Facebook Instagram
653,2014-05-28T17:00:00,neutral,Positive,Do You Think Google Inc Facebook Inc Apple Inc Know More About You
654,2014-05-28T17:00:00,neutral,Positive,yeah added Facebook
655,2014-05-28T17:00:00,neutral,Positive,okay I forgot share two nights ago one facebook friends posted family photos taken walmart aisle hahaha
656,2014-05-28T17:00:00,neutral,Positive,‚Äú Found swattys son Facebook shirtless pics ‚Äù I saw hallwayüòç
657,2014-05-28T17:00:00,neutral,Negative,Want WIN zBoost Mobile1 cell phone signal boosterLike zBoost Facebook amp answer Where Are You Going ON THE ROAD
658,2014-05-28T17:00:00,neutral,Negative,Culling friends Facebook cant spell missed mist
659,2014-05-28T17:00:00,neutral,Positive,RT Yesterday Facebook dude told stop speaking truth cause one wants hear listen I cant help‚Ä¶
660,2014-05-28T17:00:00,neutral,Negative,RT Sono tourdates MASSIVE announcement come later I guessnothing appeared Facebook yet
661,2014-05-28T17:00:00,neutral,Positive,Dude Facebook got many sexy dudes tho
662,2014-05-28T17:00:00,neutral,Positive,All On My Facebook üòí
663,2014-05-28T17:00:00,neutral,Negative,Reading old messages wondering changed YOUR FACEBOOK Nothing changed LOL dizzy
664,2014-05-28T17:00:00,neutral,Positive,The awkward moment teacher asks dating someone Facebook
665,2014-05-28T17:00:00,neutral,Negative,Bye kik facebook tw snapchat vineigtelegramtumblrmessenger apagare el cel‚úåüëåa ver que pasa
666,2014-05-28T17:00:00,neutral,Positive,hit Elgin marsh Facebook
667,2014-05-28T17:00:00,neutral,Positive,My daddy Talkin know men work hospital like wow mr Turner daughter need add Facebook üò©üòÇüò©
668,2014-05-28T17:00:00,neutral,Negative,khalifa amer check id facebookkhalifa amer
669,2014-05-28T17:00:00,neutral,Negative,I JUST GOT A HEART ATTACK BC I THOUGHT IT WAS ON FACEBOOK
670,2014-05-28T17:00:00,neutral,Positive,Now playing Dont Let Me Be Misunderstood The Animals Like us Facebook WSKIDRadio
671,2014-05-28T17:00:00,neutral,Positive,ohwell could please tweet link facebook page thank
672,2014-05-28T17:00:00,neutral,Positive,dyes hair red OMG mean Facebook official
673,2014-05-28T17:00:00,neutral,Positive,Facebook shot
674,2014-05-28T17:00:00,neutral,Negative,RT It ‚Äô wrong say market curation Rather missed Facebook Twitter already captu‚Ä¶
675,2014-05-28T17:00:00,neutral,Negative,A Road Rage study finds biggest irritant slow people refuse move right frustration Republicans facebook
676,2014-05-28T17:00:00,neutral,Positive,Tipico Twitter tiene Facebook Y Facebook tiene Twitter D
677,2014-05-28T17:00:00,neutral,Positive,RT I like people never talked communicated high school try add Facebook
678,2014-05-28T17:00:00,neutral,Negative,I hate seeing political posts Facebook arent true
679,2014-05-28T17:00:00,neutral,Negative,right Hed stare disdainfully Facebook Dat blank look üòë
680,2014-05-28T17:00:00,neutral,Negative,Get head Im reading call dat shit Facebook
681,2014-05-28T17:00:00,neutral,Negative,Things see facebook Sibusiso Gwiliza shakes Khungwane past Pls guys let knw
682,2014-05-28T17:00:00,neutral,Negative,Whats Facebook Cant see anything
683,2014-05-28T17:00:00,neutral,Positive,unbelievable I unreal video Facebook soml u put
684,2014-05-28T17:00:00,neutral,Positive,I If site still publishing content Facebook locking away members get fucked hear
685,2014-05-28T17:00:00,neutral,Positive,First thing I saw Facebook Zayn Louis news Like hell
686,2014-05-28T17:00:00,neutral,Positive,Facebook Platform God used draw people
687,2014-05-28T17:00:00,neutral,Negative,Wish brogan would stop sending FarmVille invites Facebook
688,2014-05-28T17:00:00,neutral,Negative,I dont understand Facebook Whats point many friends I get see fraction friends posts
689,2014-05-28T17:00:00,neutral,Positive,NO sponsored Facebook website I NOT want see Unique Engagement Rings
690,2014-05-28T17:00:00,neutral,Positive,Take look official I AM WOMAN Facebook forum page
691,2014-05-28T17:00:00,neutral,Positive,Facebook currently running 35 Apps across App Store amp Google Play Google 151 Microsoft 132 King 30 EA 1122
692,2014-05-28T17:00:00,neutral,Negative,I know dearjust got back work first thing Facebook shakes sad
693,2014-05-28T17:00:00,neutral,Positive,Me Ty legit conversation Facebook chat right lol
694,2014-05-28T17:00:00,neutral,Positive,RT Remember used get annoying bragfilled annual Xmas letters Facebook gives people way send the‚Ä¶
695,2014-05-28T17:00:00,neutral,Negative,Nick IT worker Ive phone past 30 min sound hot Im sad I cant find Facebook
696,2014-05-28T17:00:00,neutral,Negative,3 months I still dont miss facebook
697,2014-05-28T17:00:00,neutral,Positive,Dear Thank changing page layouts AGAIN amp making life hellYours sincerely A grumpy Senior Social Media Exec xx
698,2014-05-28T17:00:00,neutral,Positive,For example according Facebook feed today hitting girl sexual harassment
699,2014-05-28T17:00:00,neutral,Positive,RT new feature added Facebook mobile application ability listen conversationssoundsvoices phones mi‚Ä¶
700,2017-03-01T17:00:00,neutral,Positive,Check amazing video djleroy thing link amazing videos facebook page take look link 050201pm
701,2017-03-01T17:00:00,neutral,Positive,OH MY GOD THANK GOODNESS NO ONE ELSE CAN SEE MY day THING ON FACEBOOK AAAHHHH
702,2017-03-01T17:00:00,neutral,Positive,RT Something grown folks facebook I cant sometimes lol
703,2017-03-01T17:00:00,neutral,Positive,Hi guys Unreal save Would mind use Squawkas facebook page credit
704,2017-03-01T17:00:00,neutral,Positive,RT PanaloMOTO Nadine NadineLustre KCAPinoyStar Lets focus voting via Facebook amp KCA Website Please cooperate vote
705,2017-03-01T17:00:00,neutral,Positive,RT Gente live vai ser facebook
706,2017-03-01T17:00:00,neutral,Positive,FollowMe On Everything TwitterInstaGramFaceBookMySpaceYouTubeSoundCloudReverbNationDatPiffSnapC
707,2017-03-01T17:00:00,neutral,Positive,RT Kicking Afterschool Special style Intro Facebook Advertising panel SMWiAustin Its SRO
708,2017-03-01T17:00:00,neutral,Negative,RT Do ever read old Facebook messages want die embarrassing middle school bc
709,2017-03-01T17:00:00,neutral,Positive,RT Googles Facebooks business sell information YOU Your privacy far valuable anything cou‚Ä¶
710,2017-03-01T17:00:00,neutral,Negative,Facebook show much love I used get people back day lol people dont even talk smh
711,2017-03-01T17:00:00,neutral,Positive,RT The lovely kick Intro Facebook Advertising SMWiAustin
712,2017-03-01T17:00:00,neutral,Positive,watches one video Facebook tells everyone tequila solves problems
713,2017-03-01T17:00:00,neutral,Positive,RhymesayersSoundset facebook comments entertaining ever
714,2017-03-01T17:00:00,neutral,Positive,Bol That Girl Done Made The Whole Facebook Mad üò≠üò≠
715,2017-03-01T17:00:00,neutral,Positive,Lmfao someone shoot exactly I dont like going Facebook üòëüòí
716,2017-03-01T17:00:00,neutral,Negative,So aunts uncles fucking grandparents Facebook üòë
717,2017-03-01T17:00:00,neutral,Positive,How come I joined bunch horror groups Facebook starts suggest groups word pervert title
718,2017-03-01T17:00:00,neutral,Positive,Twitter like bar Facebook living room LinkedIn local chamber commerce quote
719,2017-03-01T17:00:00,neutral,Positive,RT Participating glitterashwednesday We want hear Share photos stories Facebook lgbt lgb‚Ä¶
720,2017-03-01T17:00:00,neutral,Positive,Placed Apple Facebook SingularityDK space Horsens 2k international students
721,2017-03-01T17:00:00,neutral,Negative,I really want delete Facebook grandmother plays Double Down Casino profileA LOT lol
722,2017-03-01T17:00:00,neutral,Positive,tem Facebook
723,2017-03-01T17:00:00,neutral,Positive,yo fellas ampampquotwowampampquot comment left girls facebook picture last year play
724,2017-03-01T17:00:00,neutral,Positive,hahahahahah loves facebook
725,2017-03-01T17:00:00,neutral,Positive,RT If tryna reach Facebook chat last place ever message Id quicker respond email
726,2017-03-01T17:00:00,neutral,Negative,Watch Bernie Sanders video Facebook Trumps speech last night
727,2017-03-01T17:00:00,neutral,Positive,Were live Facebook w Holy Eucharist Imposition Ashes We invite observation Holy Lent
728,2017-03-01T17:00:00,neutral,Negative,Fuck facebook memoriesüñïüñïüñïüñï
729,2017-03-01T17:00:00,neutral,Negative,Saracens vs Harlequins Wembley StadiumSaturday 8th April 2017Head UCFBSU Facebook page ticket information
730,2017-03-01T17:00:00,neutral,Positive,Googles Facebooks business sell information YOU Your privacy far valuable anything could charge
731,2017-03-01T17:00:00,neutral,Positive,Slowly Changing Twitter like I Facebook Its way Ill use ProTrump amp Start Blocking haters
732,2017-03-01T17:00:00,neutral,Positive,Straight guy asked friend I gay added Facebook‚Ä¶ü§î
733,2017-03-01T17:00:00,neutral,Positive,RT This reminder delete Facebook account There always ways connect w familyampfriends wout making some‚Ä¶
734,2017-03-01T17:00:00,neutral,Negative,Somebody report Facebook account hacked
735,2017-03-01T17:00:00,neutral,Negative,RT I like texting political crap taken Facebook I hate KyStateRYS17 KyStateRYS17
736,2017-03-01T17:00:00,neutral,Negative,Websites Facebook Twitter YouTube banned China technology socialmedia fact
737,2017-03-01T17:00:00,neutral,Negative,Naaaa deffo need delete block weird people I Snapchat amp Facebook
738,2017-03-01T17:00:00,neutral,Negative,My colleague try live stream sentencing begins Free Press Facebook page Not sure reception
739,2017-03-01T17:00:00,neutral,Negative,Se actualizo facebook Es horrible üò°
740,2017-03-01T17:00:00,neutral,Positive,RT Hate Facebook shows updates day I look right stalker I like something üòÖ
741,2017-03-01T17:00:00,neutral,Negative,I saw Facebook post selling Jordans mint condition 15 Lmaooooo üòÇüòÇüòÇüíÄüíÄgtfo
742,2017-03-01T17:00:00,neutral,Positive,repost Preston North End Forum Facebook guys massive respect gesture
743,2017-03-01T17:00:00,neutral,Positive,I posted thing Facebook Well anyone goes isnt star everyone throw face
744,2017-03-01T17:00:00,neutral,Positive,true lmao mama stalks Facebook üòÇ
745,2017-03-01T17:00:00,neutral,Positive,RT Lent must really tough time year Rick Astley Joke shamelessly stolen Facebook
746,2017-03-01T17:00:00,neutral,Positive,My mum watching bloody giraffe Facebook ready give birth week nowüòÇüòÇ
747,2017-03-01T17:00:00,neutral,Positive,RT Facebook Head catch LIVE
748,2017-03-01T17:00:00,neutral,Negative,pede Facebook
749,2017-03-01T17:00:00,neutral,Positive,relax check video I tagged facebook youll love
750,2017-03-01T17:00:00,neutral,Positive,TwitterInstagramFacebook
751,2017-03-01T17:00:00,neutral,Negative,twitter go hard facebook nothing days twitter something days
752,2017-03-01T17:00:00,neutral,Positive,Also check facebook pinterest entertaining Michigan stuff
753,2017-03-01T17:00:00,neutral,Positive,RT On day reminders Facebook unique way humbling
754,2017-03-01T17:00:00,neutral,Positive,These establishment open borders crowd globalists amp Islam apologists
755,2017-03-01T17:00:00,neutral,Negative,Facebook Head catch LIVE
756,2017-03-01T17:00:00,neutral,Positive,Thanks following us Twitter Check Facebook Instagram pages see whats carried across globe entire‚Ä¶
757,2017-03-01T17:00:00,neutral,Positive,RT meninas que ficam respondendo quizz facebook adc
758,2017-03-01T17:00:00,neutral,Negative,Head Facebook page live stream AshWednesday service
759,2017-03-01T17:00:00,neutral,Positive,Facebook login fixed beta Thank
760,2017-03-01T17:00:00,neutral,Positive,No Facebook Or Snapchat For The Next 40 Days
761,2017-03-01T17:00:00,neutral,Negative,facebook dah ada story shit happening
762,2017-03-01T17:00:00,neutral,Negative,FUCK FACEBOOK
763,2017-03-01T17:00:00,neutral,Negative,go Facebook
764,2017-03-01T17:00:00,neutral,Negative,Windows Server 2008 bluescreened running updates Terrific Facebook
765,2017-03-01T17:00:00,neutral,Negative,I would rename Facebook Wrap Me Up I All Watery Coffin amwriting socialmedia facebook
766,2017-03-01T17:00:00,neutral,Positive,How like CookingwithCabot Facebook Live event What favorite part FWCon SundaySupper
767,2017-03-01T17:00:00,neutral,Positive,Did know even dont stock items often get special Just message Facebook page email Little Booteek
768,2017-03-01T17:00:00,neutral,Positive,76 people use Facebook feed find interesting content HubSpot 2016
769,2017-03-01T17:00:00,neutral,Positive,Naw I saw video posted Facebook seeing Get Out Lol
770,2017-03-01T17:00:00,neutral,Positive,Facebook LIVE video BIG Announcement TODAYS SHOW coming 5 minutes NinjaPastor
771,2017-03-01T17:00:00,neutral,Positive,good thing come something Facebook
772,2017-03-01T17:00:00,neutral,Positive,RT On day reminders Facebook unique way humbling
773,2017-03-01T17:00:00,neutral,Positive,I didnt gift director distributor I took pic Facebook cool
774,2017-03-01T17:00:00,neutral,Negative,facebook people extra üòÇ hate posting swear
775,2017-03-01T17:00:00,neutral,Negative,I wish facebook statuses doesnt cause controversy
776,2017-03-01T17:00:00,neutral,Positive,Facebook OFFüòî
777,2017-03-01T17:00:00,neutral,Positive,remember youre one people facebook post pics say turn 200 2khmu info
778,2017-03-01T17:00:00,neutral,Positive,see post storm I shared facebook
779,2017-03-01T17:00:00,neutral,Positive,meninas que ficam respondendo quizz facebook adc
780,2017-03-01T17:00:00,neutral,Positive,Im going live tonight 830pm Facebook Spread word lol
781,2017-03-01T17:00:00,neutral,Positive,Check Facebook page full list 35A AllDistrict teams Search HPR Network Sports youll find
782,2017-03-01T17:00:00,neutral,Positive,Wow Big thank approx 2000 views first live Facebook broadcast We back next Tuesday 12 PM
783,2017-03-01T17:00:00,neutral,Positive,Facebook Its great place complain tu frqends Facebook
784,2017-03-01T17:00:00,neutral,Positive,RT When give Facebook Lent post status hypocrites Amen I say r‚Ä¶
785,2017-03-01T17:00:00,neutral,Positive,RT 97 Facebook allll TEA‚òïÔ∏è
786,2017-03-01T17:00:00,neutral,Negative,wtf facebook group video chats lit
787,2017-03-01T17:00:00,neutral,Positive,RT On day reminders Facebook unique way humbling
788,2017-03-01T17:00:00,neutral,Positive,Minha vida si resume emTwitterWhatsappSnapchatFacebookInstagram
789,2017-03-01T17:00:00,neutral,Positive,RT Please vote favorite one poll Scores added votes Instagram Facebook Judges‚Ä¶
790,2017-03-01T17:00:00,neutral,Positive,I like Twitter Facebook thats I hoodrat Twitter üòÇüòÇ
791,2017-03-01T17:00:00,neutral,Negative,My Facebook popping today lmao üòÇ
792,2017-03-01T17:00:00,neutral,Negative,RT 1theK released 110 min mv facebook already deleted üò≠ I able see mv is‚Ä¶
793,2017-03-01T17:00:00,neutral,Positive,RT TrekstockTalks goes live Facebook 15 minutes Grab lunch sit tight talk travel cancer
794,2017-03-01T17:00:00,neutral,Positive,RT Market cap Apple Amazon Alphabet Facebook gt Market cap India
795,2017-03-01T17:00:00,neutral,Positive,FLASHY CLASSY JUST LANDED ON FACEBOOK 3117
796,2017-03-01T17:00:00,neutral,Negative,check Facebook live Cleveland browns Sashi live
797,2017-03-01T17:00:00,neutral,Negative,Status Just rejected moms friend request Facebook
798,2017-03-01T17:00:00,neutral,Positive,You dont find facebook useful find friends
799,2017-03-01T17:00:00,neutral,Positive,RT Face problems ‚Äô Facebook problemsALDUB85thWeeksary
800,2017-08-23T17:00:00,neutral,Positive,RT Just scrolling Facebook I saw promoted advert fraudsters HAHA THE IRONY
801,2017-08-23T17:00:00,neutral,Positive,Heheheeeeee lolol
802,2017-08-23T17:00:00,neutral,Positive,RT You tell great speech hysterical Dems getting Facebook going nuts Phoe‚Ä¶
803,2017-08-23T17:00:00,neutral,Negative,Is possible save ur clash clans hack ur Game Center Facebook
804,2017-08-23T17:00:00,neutral,Positive,RT 2000 likes paso link del Facebook compartido con üî•
805,2017-08-23T17:00:00,neutral,Positive,RT therevolution going live facebooookkk liveee baby get Fonseca Bonnieclyde facebook hiphop4l‚Ä¶
806,2017-08-23T17:00:00,neutral,Positive,Coffee contests twitter facebook read emails NatureMadeProbiotics
807,2017-08-23T17:00:00,neutral,Negative,I dont even get business driver behind What Facebook gain embar‚Ä¶
808,2017-08-23T17:00:00,neutral,Positive,RT You tell great speech hysterical Dems getting Facebook going nuts Phoe‚Ä¶
809,2017-08-23T17:00:00,neutral,Positive,people facebook still think taylor swift edgy feminist
810,2017-08-23T17:00:00,neutral,Positive,RT You tell great speech hysterical Dems getting Facebook going nuts Phoe‚Ä¶
811,2017-08-23T17:00:00,neutral,Negative,lol I hit facebook lying bed wake lol NatureMadeProbiotics
812,2017-08-23T17:00:00,neutral,Positive,Surprisingly didnt accept new password similar I used elsewhere Clearly F‚Ä¶
813,2017-08-23T17:00:00,neutral,Negative,Shame removing sites Resist Resistance Indivisible
814,2017-08-23T17:00:00,neutral,Positive,RT connors mom love reacted facebook profile picture isnt cutest thing idk
815,2017-08-23T17:00:00,neutral,Positive,Can anyone recommend insane Facebook group pages I join Im talking proper weirdos
816,2017-08-23T17:00:00,neutral,Positive,Mention Facebook offer receive 10 highest price item store
817,2017-08-23T17:00:00,neutral,Negative,Im busy enough people giving shit twitter instagram Snapc‚Ä¶
818,2017-08-23T17:00:00,neutral,Positive,RT Have checked Facebook page Go IndependenceHighSchoolPTSO Weve got loads info ‚Ä¶
819,2017-08-23T17:00:00,neutral,Positive,WhyIQuit Facebook
820,2017-08-23T17:00:00,neutral,Positive,RT extra kapamilya facebook accounts please dm kami nalang mag vote thanksLaLunaSangreTraitorPush‚Ä¶
821,2017-08-23T17:00:00,neutral,Negative,FB app kicked says I trying often Tried logging message Is someone hacking
822,2017-08-23T17:00:00,neutral,Positive,YouLookLikeTheType likes statuses Facebook
823,2017-08-23T17:00:00,neutral,Positive,RT Please seeing rat posted everywhere Facebook
824,2017-08-23T17:00:00,neutral,Positive,The thing I enjoy Facebook jail conjugal visits
825,2017-08-23T17:00:00,neutral,Negative,RT president facebook grandpa mad antifa
826,2017-08-23T17:00:00,neutral,Positive,I posted facebook lot people said YES exactly lt3
827,2017-08-23T17:00:00,neutral,Positive,RT TuesdayThoughtsFACEBOOKBANS Trump groups welldocumentedDOESNT BAN Maria ChappelleNadal called Trum‚Ä¶
828,2017-08-23T17:00:00,neutral,Negative,Go Facebook page hear DL Calais Campbell QB battle Jags talent amp 1st trip UK next month JaguarsJam
829,2017-08-23T17:00:00,neutral,Negative,course friend Facebook likely share disappointment FB account
830,2017-08-23T17:00:00,neutral,Negative,PHONE BROKEN msg FACEBOOK yall need FuckMyiPhone
831,2017-08-23T17:00:00,neutral,Positive,Facebook Ads brilliant Used new church plant loads people came them‚Ä¶
832,2017-08-23T17:00:00,neutral,Positive,RT Tomorrow 12pm PST Harrison I facebook liveing talk fallenmovie theaters Sept 8‚Ä¶
833,2017-08-23T17:00:00,neutral,Positive,Ostensibly name someone Riyadh attempting access account I made give s‚Ä¶
834,2017-08-23T17:00:00,neutral,Positive,Tminus 8 hours kickoff first Facebook Live show Tune 8 pm Wednesdays txhsfb
835,2017-08-23T17:00:00,neutral,Positive,tree falls woods butfacebook changes algorithm nobodys around Like still drive engagement brand
836,2017-08-23T17:00:00,neutral,Positive,RT You tell great speech hysterical Dems getting Facebook going nuts Phoe‚Ä¶
837,2017-08-23T17:00:00,neutral,Positive,They ‚Äô unfollow twitter amp insta ‚Äô delete Facebook ü§∑üèª‚Äç‚ôÇÔ∏èü§¶üèª‚Äç‚ôÇÔ∏è
838,2017-08-23T17:00:00,neutral,Positive,I ranted Facebook year ago
839,2017-08-23T17:00:00,neutral,Positive,RT You tell great speech hysterical Dems getting Facebook going nuts Phoe‚Ä¶
840,2017-08-23T17:00:00,neutral,Positive,RT Please seeing rat posted everywhere Facebook
841,2017-08-23T17:00:00,neutral,Positive,Facebook Bert mother baby boy lovie interested please contact youre intere I hope call gets
842,2017-08-23T17:00:00,neutral,Positive,RT You tell great speech hysterical Dems getting Facebook going nuts Phoe‚Ä¶
843,2017-08-23T17:00:00,neutral,Negative,The trouble old Colchester groups members gett‚Ä¶
844,2017-08-23T17:00:00,neutral,Positive,Thanks although I kinda already watched Facebook
845,2017-08-23T17:00:00,neutral,Positive,Might wan na think talking Jesus posting problems twitter Facebook changeback
846,2017-08-23T17:00:00,neutral,Positive,‡∏≠‡∏¢‡∏≤‡∏Å‡πÑ‡∏î‡πâ ui facebook ‡πÅ‡∏ö‡∏ö bubble
847,2017-08-23T17:00:00,neutral,Positive,RT You tell great speech hysterical Dems getting Facebook going nuts Phoe‚Ä¶
848,2017-08-23T17:00:00,neutral,Positive,Now highly unlike sees sustained 160 Facebook Netflix keep meeting overhead pressure Could see 165 FB AAPL NFLX AMZN
849,2017-08-23T17:00:00,neutral,Positive,RT You tell great speech hysterical Dems getting Facebook going nuts Phoe‚Ä¶
850,2017-08-23T17:00:00,neutral,Positive,You know love twitter much describe posting something Facebook refacebooked post üòÖ
851,2017-08-23T17:00:00,neutral,Negative,After 10 years creating ac simple 7 character password wo spcl keys finally forces change today
852,2017-08-23T17:00:00,neutral,Negative,RT president facebook grandpa mad antifa
853,2017-08-23T17:00:00,neutral,Positive,big manwe fans always try 2 get music thereWhatsappFacebookTwitterInstaetcfuck radio
854,2017-08-23T17:00:00,neutral,Negative,RT There actually someone Facebook page complaining Cheshire chief constable suspended isnt new‚Ä¶
855,2017-08-23T17:00:00,neutral,Negative,The new Facebook Ads setup horrible
856,2017-08-23T17:00:00,neutral,Negative,Mine Facebook parties dont move along fast enough Sweepstakes NatureMadeProbiotics
857,2017-08-23T17:00:00,neutral,Negative,even havent spoken u ages ill still tag u shit see facebook reminds u lool
858,2017-08-23T17:00:00,neutral,Positive,Join us today 4pm Facebook behind scenes look QampA HalleampMarissa Dont forget ask us Qs AskAIT books
859,2017-08-23T17:00:00,neutral,Positive,Check Facebook page later today Ron Mienert Regal Nissan shares incentives going right NissanLeaf
860,2017-08-23T17:00:00,neutral,Positive,thanks much today could I steal pics Facebook
861,2017-08-23T17:00:00,neutral,Positive,Facebook lets take 360 photos inapp use Cover Photos Facebook big supporter 360degree photos video a‚Ä¶
862,2017-08-23T17:00:00,neutral,Positive,RT Thanks following Twitter Check f Facebook Page see Im followers f4f Realtor Real‚Ä¶
863,2017-08-23T17:00:00,neutral,Negative,Wow iconic mom mine doesnt know work phone let alone Facebook
864,2017-08-23T17:00:00,neutral,Positive,day goes I check Facebook I dont regret account first place
865,2017-08-23T17:00:00,neutral,Positive,insta twitter snap facebook shit night stand picture frame
866,2017-08-23T17:00:00,neutral,Positive,currency mints could invest quite billion dollars dont
867,2017-08-23T17:00:00,neutral,Positive,‚Ä¶
868,2017-08-23T17:00:00,neutral,Negative,Lady asked guy apple store login Facebook Just get flip phone maam
869,2017-08-23T17:00:00,neutral,Positive,It Facebook I didnt see name
870,2017-08-23T17:00:00,neutral,Positive,We We also announce sales Instagram amp Facebook Be sure follow us dont miss upcoming promotions
871,2017-08-23T17:00:00,neutral,Positive,ive seen many people post facebook things wrong HCHS love üòÇ
872,2017-08-23T17:00:00,neutral,Positive,Check Facebook Twitter anyone
873,2017-08-23T17:00:00,neutral,Positive,I facebook Twitter laptop Feeling tad smug Set told I wouldnt able wup
874,2017-08-23T17:00:00,neutral,Positive,RT Please seeing rat posted everywhere Facebook
875,2017-08-23T17:00:00,neutral,Positive,I love Facebook reminds happy I year ago üò≠
876,2017-08-23T17:00:00,neutral,Negative,I block ads even phone
877,2017-08-23T17:00:00,neutral,Negative,So I logged Facebook since dont know long I CAN NOT deal throwbacksüòÇüòÇ
878,2017-08-23T17:00:00,neutral,Positive,I guess OwnerOperator SelfEmployed Business Facebooks way saying Entrepreneur
879,2017-08-23T17:00:00,neutral,Negative,Man I took facebook phone im already seeing 80 less dumbass shit internet life good
880,2017-08-23T17:00:00,neutral,Positive,When unfriendly someone Facebook friend request week later
881,2017-08-23T17:00:00,neutral,Positive,RT Im answering tough questions sharing big news tomorrow Facebook live 10pm EST
882,2017-08-23T17:00:00,neutral,Negative,Facebook funny af auto delete tho
883,2017-08-23T17:00:00,neutral,Positive,RT Im answering tough questions sharing big news tomorrow Facebook live 10pm EST
884,2017-08-23T17:00:00,neutral,Positive,RT Thanks coming facebook almighty Dhan Dhan Satguru Tera HI Asra
885,2017-08-23T17:00:00,neutral,Positive,Being able change job info LinkedIn adult equivalent changing relationship status Facebook middle school
886,2017-08-23T17:00:00,neutral,Positive,The girl bitching facebook everyone posting solar eclipse photos still posting 100 sarahas day ironic
887,2017-08-23T17:00:00,neutral,Positive,Ok whose eclipse photo I feature ArtOfPlanetaryScience Facebook page
888,2017-08-23T17:00:00,neutral,Positive,mom came running upstairs show taylors facebook post like im howling place right
889,2017-08-23T17:00:00,neutral,Negative,Uninstalled facebook app mobile phone days Facebook PC
890,2017-08-23T17:00:00,neutral,Positive,Shared Facebook üôÇ
891,2017-08-23T17:00:00,neutral,Positive,RT Hey guysjoin nowRichIndianHeritageWithMSG live
892,2017-08-23T17:00:00,neutral,Negative,Im hardly ever Facebook Already spend much time Twitter amp dont want ad‚Ä¶
893,2017-08-23T17:00:00,neutral,Positive,I facebook stalk someone whos account private
894,2017-08-23T17:00:00,neutral,Positive,Facebook took fast put I took screenshot posted page
895,2017-08-23T17:00:00,neutral,Positive,LIKE us FacebookWhereRoyaltyMeetsLoyalty üëëüíØ
896,2017-08-23T17:00:00,neutral,Negative,tre wants block facebook twitter doesnt says okay cant see im üôÑ
897,2017-08-23T17:00:00,neutral,Positive,LIGHT SPEED EVER LASTING LIFE 500 PAGES FREE IN MY FQACEBOOK PHOTO ALBUMS AT FACEBOOK IRVINT WOOD OR IRVINTT WOOD
898,2017-08-23T17:00:00,neutral,Positive,RT Your facial ancestry Facebook tells youre 100 dumbfuck
899,2017-08-23T17:00:00,neutral,Positive,RT Facebook helps Merkel deleting 10000 german accounts support That ladies gentlemen really ve‚Ä¶
