id,date,class,percent,sentiment,text
0,2016-05-18T17:00:00,increase,0.12,Positive,okay bet Walmart They pretty good variety
1,2016-05-18T17:00:00,increase,0.12,Negative,This Lady Dropped 40 ğŸ’¸ In Walmart Parking Lot So I Did The Right Thing amp Called ğŸ“± The WeedMan For Another 35 ğŸ˜‚ğŸ˜‚ğŸ˜‚ğŸ˜‚ğŸ’¯ğŸ’¯ğŸ’¯ğŸ’¯ğŸ’¯ RP ğŸ˜‚ğŸ˜‚ğŸ˜‚ğŸ˜‚
2,2016-05-18T17:00:00,increase,0.12,Positive,You find us Ulta Walmart Amazon various local retailers Hope try one soon
3,2016-05-18T17:00:00,increase,0.12,Negative,RT This lady dropped 40 Walmart parking lot I right thing amp called weedman another eighth
4,2016-05-18T17:00:00,increase,0.12,Negative,RT PLEASE thn rpt wht â€œ business owners â€ say abt overtime pay Who R Walmart McDonalds How mucâ€¦
5,2016-05-18T17:00:00,increase,0.12,Positive,curfew movies fight Tinseltown go walmart steal soooğŸ˜
6,2016-05-18T17:00:00,increase,0.12,Negative,RT This lady dropped 40 Walmart parking lot I right thing amp called weedman another eighth
7,2016-05-18T17:00:00,increase,0.12,Negative,RT This lady dropped 40 Walmart parking lot I right thing amp called weedman another eighth
8,2016-05-18T17:00:00,increase,0.12,Negative,RT This lady dropped 40 Walmart parking lot I right thing amp called weedman another eighth
9,2016-05-18T17:00:00,increase,0.12,Negative,With great sadness I officially report 6 dollar watch Jeff City Walmart finally given 1 year use RIP
10,2016-05-18T17:00:00,increase,0.12,Negative,Ran Caprisuns fridgeand son cried looks like Im going Walmart storerun busymom lovemykids ğŸ¹ğŸ¹ğŸ¹ğŸ¹ğŸ˜ğŸ˜ğŸŒ´ğŸŒ´
11,2016-05-18T17:00:00,increase,0.12,Positive,Thats theyre standing brush shopping aisle Walmart
12,2016-05-18T17:00:00,increase,0.12,Negative,RT This lady dropped 40 Walmart parking lot I right thing amp called weedman another eighth
13,2016-05-18T17:00:00,increase,0.12,Negative,Was Walmart buying stuff Nicaragua sweet old lady offered buy things told shed pray brb cryin ğŸ˜­
14,2016-05-18T17:00:00,increase,0.12,Negative,RT This lady dropped 40 Walmart parking lot I right thing amp called weedman another eighth
15,2016-05-18T17:00:00,increase,0.12,Negative,I go one place How fucking dare even THINK I would shop shitty Walmart fish
16,2016-05-18T17:00:00,increase,0.12,Positive,Sitting phone w cousin I wait food And talking EVERYBODY Walmart ğŸ™„ğŸ™„ğŸ™„ğŸ™„ğŸ™„
17,2016-05-18T17:00:00,increase,0.12,Negative,standard practice provide substandard customer service time intermittently avoid scrutiny USSCoCST
18,2016-05-18T17:00:00,increase,0.12,Negative,RT This lady dropped 40 Walmart parking lot I right thing amp called weedman another eighth
19,2016-05-18T17:00:00,increase,0.12,Negative,RT This lady dropped 40 Walmart parking lot I right thing amp called weedman another eighth
20,2016-05-18T17:00:00,increase,0.12,Negative,Are aware going MoneyCard 1000s people unable use cards since Monday
21,2016-05-18T17:00:00,increase,0.12,Negative,RT This lady dropped 40 Walmart parking lot I right thing amp called weedman another eighth
22,2016-05-18T17:00:00,increase,0.12,Negative,RT This lady dropped 40 Walmart parking lot I right thing amp called weedman another eighth
23,2016-05-18T17:00:00,increase,0.12,Negative,RT This lady dropped 40 Walmart parking lot I right thing amp called weedman another eighth
24,2016-05-18T17:00:00,increase,0.12,Negative,RT This lady dropped 40 Walmart parking lot I right thing amp called weedman another eighth
25,2016-05-18T17:00:00,increase,0.12,Negative,RT This lady dropped 40 Walmart parking lot I right thing amp called weedman another eighth
26,2016-05-18T17:00:00,increase,0.12,Negative,RT This lady dropped 40 Walmart parking lot I right thing amp called weedman another eighth
27,2016-05-18T17:00:00,increase,0.12,Negative,They left went Walmart ğŸ˜’
28,2016-05-18T17:00:00,increase,0.12,Negative,RT This lady dropped 40 Walmart parking lot I right thing amp called weedman another eighth
29,2016-05-18T17:00:00,increase,0.12,Positive,Ill Be A Walmart Walker ğŸ˜¹
30,2016-05-18T17:00:00,increase,0.12,Negative,RT This lady dropped 40 Walmart parking lot I right thing amp called weedman another eighth
31,2016-05-18T17:00:00,increase,0.12,Negative,RT This lady dropped 40 Walmart parking lot I right thing amp called weedman another eighth
32,2016-05-18T17:00:00,increase,0.12,Positive,RT Walmart stopped selling hoverboards due safety concerns In case curious empty shelves theâ€¦
33,2016-05-18T17:00:00,increase,0.12,Positive,Were kickoff May luncheon Kris Russell Public Affairs Division MeasuringCommunications
34,2016-05-18T17:00:00,increase,0.12,Negative,RT This lady dropped 40 Walmart parking lot I right thing amp called weedman another eighth
35,2016-05-18T17:00:00,increase,0.12,Negative,RT This lady dropped 40 Walmart parking lot I right thing amp called weedman another eighth
36,2016-05-18T17:00:00,increase,0.12,Negative,TGT I called right I played wrong bounce would take day remember Walmart reports tomorrow AM back
37,2016-05-18T17:00:00,increase,0.12,Negative,RT This lady dropped 40 Walmart parking lot I right thing amp called weedman another eighth
38,2016-05-18T17:00:00,increase,0.12,Negative,I thought called Walmart
39,2016-05-18T17:00:00,increase,0.12,Negative,Dont Miss It Click It Ticket Kickoff Friday Perrysburg Walmart Parking Lot 430700
40,2016-05-18T17:00:00,increase,0.12,Negative,Dont Miss It Click It Ticket Kickoff Friday Perrysburg Walmart Parking Lot 430700
41,2016-05-18T17:00:00,increase,0.12,Negative,RT This lady dropped 40 Walmart parking lot I right thing amp called weedman another eighth
42,2016-05-18T17:00:00,increase,0.12,Negative,RT This lady dropped 40 Walmart parking lot I right thing amp called weedman another eighth
43,2016-05-18T17:00:00,increase,0.12,Negative,RT This lady dropped 40 Walmart parking lot I right thing amp called weedman another eighth
44,2016-05-18T17:00:00,increase,0.12,Positive,RT already Havent bought anything decade
45,2016-05-18T17:00:00,increase,0.12,Negative,RT This lady dropped 40 Walmart parking lot I right thing amp called weedman another eighth
46,2016-05-18T17:00:00,increase,0.12,Negative,RT This lady dropped 40 Walmart parking lot I right thing amp called weedman another eighth
47,2016-05-18T17:00:00,increase,0.12,Negative,RT This lady dropped 40 Walmart parking lot I right thing amp called weedman another eighth
48,2016-05-18T17:00:00,increase,0.12,Positive,hey I story Walmart Money Cards could DM info
49,2016-05-18T17:00:00,increase,0.12,Negative,My goal today go Walmart moving
50,2016-05-18T17:00:00,increase,0.12,Negative,RT This lady dropped 40 Walmart parking lot I right thing amp called weedman another eighth
51,2016-05-18T17:00:00,increase,0.12,Negative,Returning stuff Walmart guy behind usIm gon na go ahead guys cause I get back worksure thanksforasking
52,2016-05-18T17:00:00,increase,0.12,Negative,responded DundasAppleby 3 dogs left car officer deemed dogs OK charges BurlON
53,2016-05-18T17:00:00,increase,0.12,Negative,stereotyping people Walmart
54,2016-05-18T17:00:00,increase,0.12,Positive,RT If U Ever Go In Her House amp She Got Dat 4 Walmart MirrorThe Skinny Long One Leaning Against Her Wall She Got Some Good Pwussy
55,2016-05-18T17:00:00,increase,0.12,Negative,RT This lady dropped 40 Walmart parking lot I right thing amp called weedman another eighth
56,2016-05-18T17:00:00,increase,0.12,Negative,RT This lady dropped 40 Walmart parking lot I right thing amp called weedman another eighth
57,2016-05-18T17:00:00,increase,0.12,Negative,walmart iwrked beginning yr one used wrk
58,2016-05-18T17:00:00,increase,0.12,Negative,already Havent bought anything decade
59,2016-05-18T17:00:00,increase,0.12,Negative,RT This lady dropped 40 Walmart parking lot I right thing amp called weedman another eighth
60,2016-05-18T17:00:00,increase,0.12,Negative,RT This lady dropped 40 Walmart parking lot I right thing amp called weedman another eighth
61,2016-05-18T17:00:00,increase,0.12,Negative,walgreens Walmart CVS
62,2016-05-18T17:00:00,increase,0.12,Positive,God clearly sense humor SEEN People Walmart peopleofwalmart seriouslyfugly someonehadsexwiththat ew
63,2016-05-18T17:00:00,increase,0.12,Negative,RT This lady dropped 40 Walmart parking lot I right thing amp called weedman another eighth
64,2016-05-18T17:00:00,increase,0.12,Negative,This Walmart training fucking boring
65,2016-05-18T17:00:00,increase,0.12,Negative,RT This lady dropped 40 Walmart parking lot I right thing amp called weedman another eighth
66,2016-05-18T17:00:00,increase,0.12,Negative,RT This lady dropped 40 Walmart parking lot I right thing amp called weedman another eighth
67,2016-05-18T17:00:00,increase,0.12,Positive,You mean like retail workers help make Walmart hyper profitable receive slavish taxsubsidized wages Of course
68,2016-05-18T17:00:00,increase,0.12,Positive,Just met girl Marion Local Walmart Auburn smallworld maction
69,2016-05-18T17:00:00,increase,0.12,Negative,RT This lady dropped 40 Walmart parking lot I right thing amp called weedman another eighth
70,2016-05-18T17:00:00,increase,0.12,Negative,RT This lady dropped 40 Walmart parking lot I right thing amp called weedman another eighth
71,2016-05-18T17:00:00,increase,0.12,Negative,I able get took two hours trying balance expected
72,2016-05-18T17:00:00,increase,0.12,Negative,RT This lady dropped 40 Walmart parking lot I right thing amp called weedman another eighth
73,2016-05-18T17:00:00,increase,0.12,Negative,BOYCOTT WALMART
74,2016-05-18T17:00:00,increase,0.12,Negative,RT This lady dropped 40 Walmart parking lot I right thing amp called weedman another eighth
75,2016-05-18T17:00:00,increase,0.12,Negative,All tweets garbage like Hitlery Clinton Trump2016ğŸ‡ºğŸ‡¸ No Safe Zones
76,2016-05-18T17:00:00,increase,0.12,Negative,RT This lady dropped 40 Walmart parking lot I right thing amp called weedman another eighth
77,2016-05-18T17:00:00,increase,0.12,Negative,ğŸ˜‚ğŸ˜‚ğŸ˜‚ğŸ˜‚ğŸ˜‚ RT This lady dropped 40 Walmart parking lot I right thing amp called weedman another eighth
78,2016-05-18T17:00:00,increase,0.12,Negative,dont work walmart
79,2016-05-18T17:00:00,increase,0.12,Negative,RT This lady dropped 40 Walmart parking lot I right thing amp called weedman another eighth
80,2016-05-18T17:00:00,increase,0.12,Negative,RT This lady dropped 40 Walmart parking lot I right thing amp called weedman another eighth
81,2016-05-18T17:00:00,increase,0.12,Negative,I forgot I put designs facial hair last night dumb walked Walmart looking like dumbass
82,2016-05-18T17:00:00,increase,0.12,Positive,Alright guys I went Walmart morning would ya rather see Friday ğŸ˜ŠğŸ’ğŸ¼ğŸ˜œ
83,2016-05-18T17:00:00,increase,0.12,Negative,RT Im driving school instructor lady stop pee Walmart Im jamming entire midnight memâ€¦
84,2016-05-18T17:00:00,increase,0.12,Positive,Im driving school instructor lady stop pee Walmart Im jamming entire midnight memories album
85,2016-05-18T17:00:00,increase,0.12,Negative,RT This lady dropped 40 Walmart parking lot I right thing amp called weedman another eighth
86,2016-05-18T17:00:00,increase,0.12,Negative,RT This lady dropped 40 Walmart parking lot I right thing amp called weedman another eighth
87,2016-05-18T17:00:00,increase,0.12,Positive,I used Punchcard Walmart Supercenter 5 Points WOO HOO
88,2016-05-18T17:00:00,increase,0.12,Negative,RT This lady dropped 40 Walmart parking lot I right thing amp called weedman another eighth
89,2016-05-18T17:00:00,increase,0.12,Negative,RT This lady dropped 40 Walmart parking lot I right thing amp called weedman another eighth
90,2016-05-18T17:00:00,increase,0.12,Negative,This cross country drive turned visiting Walmart every state
91,2016-05-18T17:00:00,increase,0.12,Negative,RT This lady dropped 40 Walmart parking lot I right thing amp called weedman another eighth
92,2016-05-18T17:00:00,increase,0.12,Negative,RT This lady dropped 40 Walmart parking lot I right thing amp called weedman another eighth
93,2016-05-18T17:00:00,increase,0.12,Negative,Ive almost tricked 3 buggies Walmart within 5 minute time span This I avoid place
94,2016-05-18T17:00:00,increase,0.12,Negative,RT This lady dropped 40 Walmart parking lot I right thing amp called weedman another eighth
95,2016-05-18T17:00:00,increase,0.12,Negative,RT Why sell eggs farms cram hens tiny wire cages Even Walmart addressed abuâ€¦
96,2016-05-18T17:00:00,increase,0.12,Negative,I never shop company Walmart ever Customer service lacking say least
97,2016-05-18T17:00:00,increase,0.12,Negative,RT This lady dropped 40 Walmart parking lot I right thing amp called weedman another eighth
98,2016-05-18T17:00:00,increase,0.12,Negative,RT This lady dropped 40 Walmart parking lot I right thing amp called weedman another eighth
99,2016-05-18T17:00:00,increase,0.12,Negative,RT This lady dropped 40 Walmart parking lot I right thing amp called weedman another eighth
100,2012-05-16T17:00:00,increase,0.11,Negative,DUDE You could also sell house live Walmart parking lot
101,2012-05-16T17:00:00,increase,0.11,Positive,RT I thought bout Pooh Jessica Bree work Walmart lmao
102,2012-05-16T17:00:00,increase,0.11,Negative,RT Youve never seen meth addict Go Walmart midnight
103,2012-05-16T17:00:00,increase,0.11,Positive,cathedral praise walmart
104,2012-05-16T17:00:00,increase,0.11,Negative,little past walmart
105,2012-05-16T17:00:00,increase,0.11,Positive,doesnt shop walmart ration shop along costco
106,2012-05-16T17:00:00,increase,0.11,Negative,RT RT customers getting pissed yelling Im going Walmart doit wedontcare
107,2012-05-16T17:00:00,increase,0.11,Negative,Im going see Walmart
108,2012-05-16T17:00:00,increase,0.11,Positive,farmers shop Walmart
109,2012-05-16T17:00:00,increase,0.11,Negative,oomf ran ragged morning took Walmart amp made spend 50 ğŸ˜
110,2012-05-16T17:00:00,increase,0.11,Negative,RT I thought bout Pooh Jessica Bree work Walmart lmao lmbooo riiiite weird
111,2012-05-16T17:00:00,increase,0.11,Positive,The one Michigan across walmart RT one
112,2012-05-16T17:00:00,increase,0.11,Positive,Havent home since Mardi gras thanks Walmart
113,2012-05-16T17:00:00,increase,0.11,Positive,lets go walmart see deals charmin eggcartons
114,2012-05-16T17:00:00,increase,0.11,Negative,Shady RT Just told Walmart worker shes bottom totem pole amp never amount anything
115,2012-05-16T17:00:00,increase,0.11,Negative,This nigga walmart frm ATL ugh I stand ATL ppl
116,2012-05-16T17:00:00,increase,0.11,Negative,I want private island walmart gets restocked monthly
117,2012-05-16T17:00:00,increase,0.11,Negative,AP english exam great walmart home chill
118,2012-05-16T17:00:00,increase,0.11,Positive,man jus talk loco walmartshit crazy
119,2012-05-16T17:00:00,increase,0.11,Negative,hate walmart together haha
120,2012-05-16T17:00:00,increase,0.11,Negative,Walmart fooood going see apartment pay rest deposit But atleast I dont work tonight
121,2012-05-16T17:00:00,increase,0.11,Negative,Popcorn lunch 5 hours shift Then really quick run pick something walmart busywednesday
122,2012-05-16T17:00:00,increase,0.11,Positive,RT Grocery shopping Walmart 1 morning soPoor
123,2012-05-16T17:00:00,increase,0.11,Positive,Walmart loves giving hours creepers come
124,2012-05-16T17:00:00,increase,0.11,Negative,Cnt wait 2 hit Walmart L0vin M3l0dy
125,2012-05-16T17:00:00,increase,0.11,Negative,GoDaddy misogynist Walmart
126,2012-05-16T17:00:00,increase,0.11,Negative,Girl cuz I got 37 thought would go lil thing Walmart dont I got n walked I found Yay
127,2012-05-16T17:00:00,increase,0.11,Negative,walmart
128,2012-05-16T17:00:00,increase,0.11,Negative,Where heck mom Can someone really spend 20 minutes gas station It aint Walmart
129,2012-05-16T17:00:00,increase,0.11,Positive,nun way walmart You
130,2012-05-16T17:00:00,increase,0.11,Negative,sorry didnt get chance make walmart
131,2012-05-16T17:00:00,increase,0.11,Negative,2dollartuesday line longer lines walmart blackfriday haha sucks people came late get
132,2012-05-16T17:00:00,increase,0.11,Negative,Going walmart without fixing hair morning acceptable right hopeso
133,2012-05-16T17:00:00,increase,0.11,Negative,Except go walmart
134,2012-05-16T17:00:00,increase,0.11,Positive,girl yes Walmart dolla general groceries storeseverywhere
135,2012-05-16T17:00:00,increase,0.11,Negative,put school working walmart dont like whistled customers dont like ignoredi win
136,2012-05-16T17:00:00,increase,0.11,Negative,I checkedin Walmart MyTown2
137,2012-05-16T17:00:00,increase,0.11,Positive,Wow Today win Walmart Its like whole people Walmart website showed entertainment
138,2012-05-16T17:00:00,increase,0.11,Positive,Well way walmart get piercing p hell ya bro
139,2012-05-16T17:00:00,increase,0.11,Positive,Packaging changes big impact Walmart packaging via
140,2012-05-16T17:00:00,increase,0.11,Negative,RT Reidsville NC get tickets 1624 NC highway 14 WALMART
141,2012-05-16T17:00:00,increase,0.11,Negative,At Walmart stuck Walking round like ducks ğŸ§
142,2012-05-16T17:00:00,increase,0.11,Positive,Me RT Walmart called woke
143,2012-05-16T17:00:00,increase,0.11,Positive,follow Ill go scream swaggy walmart
144,2012-05-16T17:00:00,increase,0.11,Positive,Walmart need stop playin give job lmao
145,2012-05-16T17:00:00,increase,0.11,Negative,bout I jus ran dis nigga Walmart
146,2012-05-16T17:00:00,increase,0.11,Negative,people harmons almost bad people see walmart
147,2012-05-16T17:00:00,increase,0.11,Negative,I thought bout Pooh Jessica Bree work Walmart lmao
148,2012-05-16T17:00:00,increase,0.11,Positive,Walmart How dare sir Ha ha
149,2012-05-16T17:00:00,increase,0.11,Positive,amp I got ta make strawberries today Walmart get stuff I pick pic
150,2012-05-16T17:00:00,increase,0.11,Negative,So I looked like idiot chased bee Walmart ğŸ˜”
151,2012-05-16T17:00:00,increase,0.11,Positive,Shoutout 2 InspiredArt12 sponsors Amour
152,2012-05-16T17:00:00,increase,0.11,Positive,RT Fat people wear shortest tightest clothes walmart
153,2012-05-16T17:00:00,increase,0.11,Negative,Okay think see lot sweatpants fat people Walmart need see bus Im Its like Wisconsin bus
154,2012-05-16T17:00:00,increase,0.11,Negative,I gone go walmart Ima wait til Sunday u get back drill
155,2012-05-16T17:00:00,increase,0.11,Negative,lol hell naw dat shit talking Walmart bout us I dont think lmao
156,2012-05-16T17:00:00,increase,0.11,Negative,Wht messing displays walmart
157,2012-05-16T17:00:00,increase,0.11,Negative,Creamy chicken ricegreen beansand fried chickengot sooo sleepy right got ta go walmart
158,2012-05-16T17:00:00,increase,0.11,Negative,Fat people wear shortest tightest clothes walmart
159,2012-05-16T17:00:00,increase,0.11,Negative,Walmart aint got shit
160,2012-05-16T17:00:00,increase,0.11,Negative,feel like every commercial ends available walmart days
161,2012-05-16T17:00:00,increase,0.11,Negative,Biden want jobs get vote Well create jobs stop buying much shit Walmart made China
162,2012-05-16T17:00:00,increase,0.11,Negative,Im On Dey Ass NBS Walmart Gne Give Me Ma Job Bak Imma Give It Till Nxt Week ampamp Imma Get A Interview WATCH
163,2012-05-16T17:00:00,increase,0.11,Negative,buying walmart brand bulbs lol dunno never problem mine
164,2012-05-16T17:00:00,increase,0.11,Negative,Whenever Walmart plans open bad thing Plus adds work
165,2012-05-16T17:00:00,increase,0.11,Positive,Coke boi shawty right Walmart
166,2012-05-16T17:00:00,increase,0.11,Negative,Tried good deed grandma tryna hold hostage Walmart Help SOS
167,2012-05-16T17:00:00,increase,0.11,Negative,walmart
168,2012-05-16T17:00:00,increase,0.11,Negative,I keep forgetting look everytime I go Walmart
169,2012-05-16T17:00:00,increase,0.11,Positive,Walmart wit Monique sanctified ass lol
170,2012-05-16T17:00:00,increase,0.11,Negative,Need go Walmart today
171,2012-05-16T17:00:00,increase,0.11,Negative,Connor wants work Walmart charge cutting cheese
172,2012-05-16T17:00:00,increase,0.11,Positive,Haha selling supper jam tickets Walmart haha lmao charmingly ghetto
173,2012-05-16T17:00:00,increase,0.11,Negative,Have go Walmart ehhh nah todayyy
174,2012-05-16T17:00:00,increase,0.11,Negative,long ass walmart app felt like takin test n school
175,2012-05-16T17:00:00,increase,0.11,Negative,I hate Walmart much
176,2012-05-16T17:00:00,increase,0.11,Negative,I want another job bad im rly walmart
177,2012-05-16T17:00:00,increase,0.11,Negative,I wished I could use financial aid Walmart supplies bookstore extrememly expensive
178,2012-05-16T17:00:00,increase,0.11,Negative,You I hon Walmart Satans crack festering dopey jaw slackened drool hounds staring LOW LOW prices
179,2012-05-16T17:00:00,increase,0.11,Positive,Walmart grape Gatorade Im start riot mfer
180,2012-05-16T17:00:00,increase,0.11,Negative,This dude tried holla Walmart parking lot lol dead
181,2012-05-16T17:00:00,increase,0.11,Positive,Walmart ltltlt
182,2012-05-16T17:00:00,increase,0.11,Negative,bring Walmart I cut ponytail
183,2012-05-16T17:00:00,increase,0.11,Negative,let see bitch Walmart
184,2012-05-16T17:00:00,increase,0.11,Negative,Got ta remember go Walmart today
185,2012-05-16T17:00:00,increase,0.11,Positive,Finally filled application walmart
186,2012-05-16T17:00:00,increase,0.11,Negative,After today I got ta see I get Walmart back work best buy
187,2012-05-16T17:00:00,increase,0.11,Negative,Im really tired walmart JCPenney cititrends
188,2012-05-16T17:00:00,increase,0.11,Negative,walmart friday im tryin get thursday
189,2012-05-16T17:00:00,increase,0.11,Negative,Just saw morbidly obese woman knock endcap Walmart twice girth Third time lands karma
190,2012-05-16T17:00:00,increase,0.11,Negative,walmart cant help
191,2012-05-16T17:00:00,increase,0.11,Negative,doesnt ask wan na go mall downtown instead asked go walmart LOL
192,2012-05-16T17:00:00,increase,0.11,Negative,If see girl Glenpool Walmart droopy drooling side face thats Yay filings
193,2012-05-16T17:00:00,increase,0.11,Positive,left walmart hahahaha funny happy card approved Lmbo
194,2012-05-16T17:00:00,increase,0.11,Positive,Jake spotted Walmart 2 bitches hahahahaha
195,2012-05-16T17:00:00,increase,0.11,Negative,This may sound weird want childwalking around walmart sucked ass yesterday
196,2012-05-16T17:00:00,increase,0.11,Negative,Im surprised Walmart didnt call police us ğŸ˜³
197,2012-05-16T17:00:00,increase,0.11,Negative,Saw hoe Walmart ampamp almost made bitch loose job
198,2012-05-16T17:00:00,increase,0.11,Negative,omg serious God I look cars isles walmart
199,2012-05-16T17:00:00,increase,0.11,Negative,â€œ Guess Ill get cook breakfast first I need go Walmart â€ aye gone head make cheese eggs tho
200,2017-10-06T17:00:00,increase,0.1,Positive,Calling prayer warriors I â€™ going Walmart prayforangela
201,2017-10-06T17:00:00,increase,0.1,Positive,So great well finding 20 Walmart week well â¤ï¸
202,2017-10-06T17:00:00,increase,0.1,Negative,RT BREAKING AP Investigation Americans buying salmon Walmart ALDI may subsidized North Korea builds nukes proâ€¦
203,2017-10-06T17:00:00,increase,0.1,Negative,We get error
204,2017-10-06T17:00:00,increase,0.1,Negative,What hell walmart Ive waiting order happens
205,2017-10-06T17:00:00,increase,0.1,Negative,RT BREAKING AP Investigation Americans buying salmon Walmart ALDI may subsidized North Korea builds nukes proâ€¦
206,2017-10-06T17:00:00,increase,0.1,Positive,whats wrong Nycc Pop Checkout
207,2017-10-06T17:00:00,increase,0.1,Negative,RT BREAKING AP Investigation Americans buying salmon Walmart ALDI may subsidized North Korea builds nukes proâ€¦
208,2017-10-06T17:00:00,increase,0.1,Negative,RT BREAKING AP Investigation Americans buying salmon Walmart ALDI may subsidized North Korea builds nukes proâ€¦
209,2017-10-06T17:00:00,increase,0.1,Negative,Some say â€œ Koch brothers public health â€ amp â€œ Walmart HIV â€ LTaS17
210,2017-10-06T17:00:00,increase,0.1,Positive,Winnipeg people I walked walmart work two older male employees watching jimins serendipity
211,2017-10-06T17:00:00,increase,0.1,Negative,please fix green ranger zip code checkout glitch one check cuz says wont ship certain zipcode
212,2017-10-06T17:00:00,increase,0.1,Negative,Years ago Walmart sucked people claiming offer products made America They used thaâ€¦
213,2017-10-06T17:00:00,increase,0.1,Negative,Never buying cat litter Walmart
214,2017-10-06T17:00:00,increase,0.1,Positive,PARENTSSSS Walmart layaway opennnnn legtttt get lol
215,2017-10-06T17:00:00,increase,0.1,Negative,My mom Buy name tv guy WalMart said good Also mom Ive 3 tvs 2 years Why keep breaking
216,2017-10-06T17:00:00,increase,0.1,Positive,Email reecom Ill get taken care
217,2017-10-06T17:00:00,increase,0.1,Positive,I love Walmart heart
218,2017-10-06T17:00:00,increase,0.1,Negative,Gas station bathrooms scare Walmart
219,2017-10-06T17:00:00,increase,0.1,Negative,Early release
220,2017-10-06T17:00:00,increase,0.1,Negative,It cost 10 dollars Walmart generic brand
221,2017-10-06T17:00:00,increase,0.1,Positive,Why employers required pay birth control What required women use itâ€¦
222,2017-10-06T17:00:00,increase,0.1,Negative,RT Nobody earth ever went Walmart picked exactly went Never NotUpForDebate
223,2017-10-06T17:00:00,increase,0.1,Positive,lady walmart sellin brownies fundraiser yesterday tolder lem get 5 yagave 20 amp tolder keep change
224,2017-10-06T17:00:00,increase,0.1,Positive,us trying order green ranger problem I â€™ seeing lot posts funko
225,2017-10-06T17:00:00,increase,0.1,Positive,Just watched lady Walmart bite kids face
226,2017-10-06T17:00:00,increase,0.1,Negative,RT Nobody earth ever went Walmart picked exactly went Never NotUpForDebate
227,2017-10-06T17:00:00,increase,0.1,Positive,Leave Walmart make us wait 2 days work check processworse Barnes Noble
228,2017-10-06T17:00:00,increase,0.1,Negative,RT Walmart Employees Be Everywhere But At The Fucking Register ğŸ¤¦ğŸ¾â€â™€ï¸ğŸ˜’
229,2017-10-06T17:00:00,increase,0.1,Negative,OK Quick question Since check decline app Am I able cash check somewhere else like Walmart
230,2017-10-06T17:00:00,increase,0.1,Negative,That happen I heard long ago guy chest pain Walmart said go er fâ€¦
231,2017-10-06T17:00:00,increase,0.1,Positive,RT You get box condoms Walmart like 40 7 Problem solved
232,2017-10-06T17:00:00,increase,0.1,Positive,want get steps really easily take shopping list walmart different layout youre used ğŸ˜‘ LifeHacks
233,2017-10-06T17:00:00,increase,0.1,Positive,RT Good news If buy LOVEYOURSELFæ‰¿Her Walmart helping Canadian charts Billboard Caâ€¦
234,2017-10-06T17:00:00,increase,0.1,Negative,RT Walmart Employees Be Everywhere But At The Fucking Register ğŸ¤¦ğŸ¾â€â™€ï¸ğŸ˜’
235,2017-10-06T17:00:00,increase,0.1,Negative,RT BREAKING AP Investigation Americans buying salmon Walmart ALDI may subsidized North Korea builds nukes proâ€¦
236,2017-10-06T17:00:00,increase,0.1,Negative,People Walmart telling shit I â€™ even know ğŸ¤·ğŸ¾â€â™€ï¸ğŸ˜‚ğŸ˜‚
237,2017-10-06T17:00:00,increase,0.1,Negative,What use 21 ga Enough junkies go walmart regardless needle policy lol
238,2017-10-06T17:00:00,increase,0.1,Positive,uhm think mistaken flirting girl deli walmart gave free meat ğŸ¤·ğŸ¼â€â™€ï¸
239,2017-10-06T17:00:00,increase,0.1,Negative,FUCK WALMARTfucks WalmartfuCK ME HARDER
240,2017-10-06T17:00:00,increase,0.1,Negative,What Walmart bad thing
241,2017-10-06T17:00:00,increase,0.1,Negative,â€™ gon na go walmart later today â€™ reeeaaaallly hoping album
242,2017-10-06T17:00:00,increase,0.1,Negative,My mama arguing Walmart workers ğŸ¤¦ğŸ¾â€â™€ï¸ğŸ¤¦ğŸ¾â€â™€ï¸ğŸ¤¦ğŸ¾â€â™€ï¸ â€™ early
243,2017-10-06T17:00:00,increase,0.1,Negative,RT Walmart Employees Be Everywhere But At The Fucking Register ğŸ¤¦ğŸ¾â€â™€ï¸ğŸ˜’
244,2017-10-06T17:00:00,increase,0.1,Negative,RT Walmart Employees Be Everywhere But At The Fucking Register ğŸ¤¦ğŸ¾â€â™€ï¸ğŸ˜’
245,2017-10-06T17:00:00,increase,0.1,Negative,RT Walmart Employees Be Everywhere But At The Fucking Register ğŸ¤¦ğŸ¾â€â™€ï¸ğŸ˜’
246,2017-10-06T17:00:00,increase,0.1,Positive,got walmart gift cards birthday ima buy rotisserie chicken cigs
247,2017-10-06T17:00:00,increase,0.1,Positive,RT Good news If buy LOVEYOURSELFæ‰¿Her Walmart helping Canadian charts Billboard Caâ€¦
248,2017-10-06T17:00:00,increase,0.1,Negative,Ol boy looking like Pablo Escobar straight Walmart version ğŸ˜‚
249,2017-10-06T17:00:00,increase,0.1,Negative,RT Walmart Employees Be Everywhere But At The Fucking Register ğŸ¤¦ğŸ¾â€â™€ï¸ğŸ˜’
250,2017-10-06T17:00:00,increase,0.1,Negative,RT Walmart Employees Be Everywhere But At The Fucking Register ğŸ¤¦ğŸ¾â€â™€ï¸ğŸ˜’
251,2017-10-06T17:00:00,increase,0.1,Negative,RT Walmart Employees Be Everywhere But At The Fucking Register ğŸ¤¦ğŸ¾â€â™€ï¸ğŸ˜’
252,2017-10-06T17:00:00,increase,0.1,Negative,RT Walmart Employees Be Everywhere But At The Fucking Register ğŸ¤¦ğŸ¾â€â™€ï¸ğŸ˜’
253,2017-10-06T17:00:00,increase,0.1,Negative,RT Walmart Employees Be Everywhere But At The Fucking Register ğŸ¤¦ğŸ¾â€â™€ï¸ğŸ˜’
254,2017-10-06T17:00:00,increase,0.1,Negative,RT Walmart Employees Be Everywhere But At The Fucking Register ğŸ¤¦ğŸ¾â€â™€ï¸ğŸ˜’
255,2017-10-06T17:00:00,increase,0.1,Negative,There way Quality People like go anywhere near WalMart Angie ğŸ˜‚
256,2017-10-06T17:00:00,increase,0.1,Negative,RT Walmart Employees Be Everywhere But At The Fucking Register ğŸ¤¦ğŸ¾â€â™€ï¸ğŸ˜’
257,2017-10-06T17:00:00,increase,0.1,Negative,RT Walmart Employees Be Everywhere But At The Fucking Register ğŸ¤¦ğŸ¾â€â™€ï¸ğŸ˜’
258,2017-10-06T17:00:00,increase,0.1,Negative,RT Walmart Employees Be Everywhere But At The Fucking Register ğŸ¤¦ğŸ¾â€â™€ï¸ğŸ˜’
259,2017-10-06T17:00:00,increase,0.1,Negative,RT Walmart Employees Be Everywhere But At The Fucking Register ğŸ¤¦ğŸ¾â€â™€ï¸ğŸ˜’
260,2017-10-06T17:00:00,increase,0.1,Negative,RT Walmart Employees Be Everywhere But At The Fucking Register ğŸ¤¦ğŸ¾â€â™€ï¸ğŸ˜’
261,2017-10-06T17:00:00,increase,0.1,Negative,With staff hardly cashiers open ones open HUGE lines whereareallthecashiers
262,2017-10-06T17:00:00,increase,0.1,Negative,RT Walmart Employees Be Everywhere But At The Fucking Register ğŸ¤¦ğŸ¾â€â™€ï¸ğŸ˜’
263,2017-10-06T17:00:00,increase,0.1,Negative,RT I HATE THAT CHAMPION IS A MAINSTREAM THING NOW I USED TO BUY THAT SHIT FROM WALMART MAN
264,2017-10-06T17:00:00,increase,0.1,Negative,ğŸ­How guessğŸ˜‚ğŸ°ğŸŒIf joy I dont mind bit weight Maybe hand luggageğŸ˜‚
265,2017-10-06T17:00:00,increase,0.1,Positive,Is Chevron duvet supposed come shams website says mine came today shams
266,2017-10-06T17:00:00,increase,0.1,Positive,Walter WilkesI cooked wife TBone Steak dinner 2Got 1 lb steak Walmart 6 Cut 2 oz pieces Cooked aâ€¦
267,2017-10-06T17:00:00,increase,0.1,Negative,Either Walmart hires female employees female employees work I get head swivel ğŸ˜‚ğŸ˜‚ğŸ˜‚
268,2017-10-06T17:00:00,increase,0.1,Negative,Walmart
269,2017-10-06T17:00:00,increase,0.1,Negative,Item â€™ shipped picked zip code Wtf Fuck walmart
270,2017-10-06T17:00:00,increase,0.1,Positive,Walmart employees least charismatic people ever meet
271,2017-10-06T17:00:00,increase,0.1,Negative,Trash For This Cant Ship To My Zip Code
272,2017-10-06T17:00:00,increase,0.1,Negative,wont green ranger glow pop ship area Just went live
273,2017-10-06T17:00:00,increase,0.1,Positive,Most Rx plans cover BC Family Planning needbased services publicly funded programs availablâ€¦
274,2017-10-06T17:00:00,increase,0.1,Negative,RT BREAKING AP Investigation Americans buying salmon Walmart ALDI may subsidized North Korea builds nukes proâ€¦
275,2017-10-06T17:00:00,increase,0.1,Negative,Broke boi flexinğŸ’¯ğŸ’¯ realtreecamo walmart pants white air force 1s ğŸ˜ˆâœ¨ğŸ”ª
276,2017-10-06T17:00:00,increase,0.1,Positive,RT Good news If buy LOVEYOURSELFæ‰¿Her Walmart helping Canadian charts Billboard Caâ€¦
277,2017-10-06T17:00:00,increase,0.1,Negative,Don â€™ lie Your fandom always They even called got7 â€œ Walmart bts â€
278,2017-10-06T17:00:00,increase,0.1,Negative,RT If youre calling GOT7 Walmart Bee Tee Es favor unfollow bc I dont need ugly bitchass anywhere nâ€¦
279,2017-10-06T17:00:00,increase,0.1,Negative,Since GOT7 walmart bee tee ssi dont remember hard core concept friendshipso Where Walmart bee tee ss copiedğŸ¤”
280,2017-10-06T17:00:00,increase,0.1,Negative,But republicans â€™ want gun control Walmart selling bump stocks semi automatâ€¦
281,2017-10-06T17:00:00,increase,0.1,Positive,I cooked wife TBone Steak dinner 2Got 1 lb steak Walmart 6 Cut 2 oz pieces Cooked baked potatoâ€¦
282,2017-10-06T17:00:00,increase,0.1,Positive,Walmart May Mall habrio
283,2017-10-06T17:00:00,increase,0.1,Positive,Are Mouseland I â€™ going try Tesco Sainsbury â€™ gave joyâ€¦
284,2017-10-06T17:00:00,increase,0.1,Negative,closest walmart bad part town
285,2017-10-06T17:00:00,increase,0.1,Negative,BS birth control available WalMart cheap Why provided free someone else
286,2017-10-06T17:00:00,increase,0.1,Negative,When try order green ranger claim â€™ ship house Wtf ğŸ˜’
287,2017-10-06T17:00:00,increase,0.1,Negative,Regardless even owners â€™ turn would take senseless ease ones ability tâ€¦
288,2017-10-06T17:00:00,increase,0.1,Positive,RT FridayFeelingCan walk gun store walk 20 guns walk walmart cold get 1 bâ€¦
289,2017-10-06T17:00:00,increase,0.1,Negative,RT HER sold Walmart counting BB one reasons Canada superior nation
290,2017-10-06T17:00:00,increase,0.1,Negative,PuertoRico ran past bean counters decided wasnt worth national run
291,2017-10-06T17:00:00,increase,0.1,Negative,takes good hour mentally prepare go walmart
292,2017-10-06T17:00:00,increase,0.1,Negative,Walmart Green ranger wont let ship house wtf
293,2017-10-06T17:00:00,increase,0.1,Positive,Walmart played Savage Garden gon na great day
294,2017-10-06T17:00:00,increase,0.1,Negative,RT If youre calling GOT7 Walmart Bee Tee Es favor unfollow bc I dont need ugly bitchass anywhere nâ€¦
295,2017-10-06T17:00:00,increase,0.1,Negative,RT BREAKING AP Investigation Americans buying salmon Walmart ALDI may subsidized North Korea builds nukes proâ€¦
296,2017-10-06T17:00:00,increase,0.1,Negative,RT If youre calling GOT7 Walmart Bee Tee Es favor unfollow bc I dont need ugly bitchass anywhere nâ€¦
297,2017-10-06T17:00:00,increase,0.1,Negative,like two grown ass men actually playing bumper cars mobile carts Walmart like ğŸ˜‚ğŸ˜‚ğŸ˜‚ğŸ¤¦ğŸ½â€â™€ï¸
298,2017-10-06T17:00:00,increase,0.1,Negative,Wtf BvS 12
299,2017-10-06T17:00:00,increase,0.1,Positive,I â€™ talk faves either I said Walmart got7 shoe fits ğŸ¤£ğŸ¤£ğŸ¤£
300,2009-01-02T17:00:00,decrease,-0.11,Positive,Found old Walmart gift card 25 dollars Yay
301,2009-01-02T17:00:00,decrease,-0.11,Positive,Just back family breakfast Cracker Barrel shopping WalMart time crank work Ahhh Friday
302,2009-01-02T17:00:00,decrease,-0.11,Positive,Went 2 walmart 1 bought bejing olympics 4 ps3 played till 7 Thank vacation
303,2009-01-02T17:00:00,decrease,-0.11,Negative,headed walmart waterbury CT walmart k bye
304,2009-01-02T17:00:00,decrease,-0.11,Negative,Off mechanics Then pick dad car back onto Walmart And I thought today would nice quiet day
305,2009-01-02T17:00:00,decrease,-0.11,Positive,Going meet friend pick rent swing Walmart
306,2009-01-02T17:00:00,decrease,-0.11,Negative,Yup Our Target small forced buy staple crap WalMart
307,2009-01-02T17:00:00,decrease,-0.11,Negative,ur mother laws place scares u walmart Just askinur safe
308,2009-01-02T17:00:00,decrease,-0.11,Negative,The first place stop Pennsylvania Walmart LOL
309,2009-01-02T17:00:00,decrease,-0.11,Negative,Manâ€¦I â€™ longing good mobile industry news Somethingâ€¦ I â€™ care Walmart selling iPhone Give something good
310,2009-01-02T17:00:00,decrease,-0.11,Negative,I hope particular Walmart gets sued hilt
311,2009-01-02T17:00:00,decrease,-0.11,Positive,The Evil Empire WalMart
312,2009-01-02T17:00:00,decrease,-0.11,Negative,Headed Cleveland Walmart bypass locals motherinlaws list family meal afternoon That place scares
313,2009-01-02T17:00:00,decrease,-0.11,Positive,I dreamt walmart wiis 100 bucks truckloads em
314,2009-01-02T17:00:00,decrease,-0.11,Negative,Heading Walmart AGAIN I petitioning Target get store
315,2009-01-02T17:00:00,decrease,-0.11,Negative,Waitin line walmart return blender shouldve bought cause weak
316,2009-01-02T17:00:00,decrease,-0.11,Negative,Im taking chances We buy water walmart Esp since well water
317,2009-01-02T17:00:00,decrease,-0.11,Negative,Making 3 stops way HSJ Sams towelswe short WalMart items family camp Broad Street challah Oh 2 dogs car wme
318,2009-01-02T17:00:00,decrease,-0.11,Positive,GC Walmart iPod shuffle Sports Night DVD box set Such choices make
319,2009-01-02T17:00:00,decrease,-0.11,Negative,Going try Super Walmart groceries today Should I scared
320,2009-01-02T17:00:00,decrease,-0.11,Negative,amazon like walmart online
321,2009-01-02T17:00:00,decrease,-0.11,Negative,Ppl Target expensive go walmart u find Kmart They blue light special
322,2009-01-02T17:00:00,decrease,-0.11,Negative,First big stop fuel restrooms snacks Walmart Clermont FL
323,2009-01-02T17:00:00,decrease,-0.11,Positive,bought one cheapo car air compressors powered via 12V outlet Walmart Works great though takes big SUV tires
324,2009-01-02T17:00:00,decrease,-0.11,Positive,blushes thx boo After cant go back Walmart tho Lol
325,2009-01-02T17:00:00,decrease,-0.11,Negative,Oh dear I walked WalMart toothpaste shampoo walked Guitar HeroWorld Tour Guess tweetup time
326,2009-01-02T17:00:00,decrease,-0.11,Positive,Work email spam flood offering Dell Walmart coupon An um untapped opportunity spammer employs market segmentation
327,2009-01-02T17:00:00,decrease,-0.11,Negative,going find better way Walmart answer Lol
328,2009-01-02T17:00:00,decrease,-0.11,Negative,get Walmart Sauk I actually looking one havent able locate one yet
329,2009-01-02T17:00:00,decrease,-0.11,Positive,Wait ordered Splenda Amazon You know drive Walmart buy huge box right
330,2009-01-02T17:00:00,decrease,-0.11,Negative,Friday This must WalMart At least I didnt leave grocery list home like last week
331,2009-01-02T17:00:00,decrease,-0.11,Positive,I release MMORPG taking place shopping center And call World Walmart
332,2009-01-02T17:00:00,decrease,-0.11,Positive,Finance walmart best performer DJIA 2008 Expects gains 09
333,2009-01-02T17:00:00,decrease,-0.11,Negative,Thanks Nevr problem wthis browser b4 Walmart Perhaps browser update causing compatibility prblms
334,2009-01-02T17:00:00,decrease,-0.11,Negative,Enjoying last day staycation Back work Monday On agenda todayVisit parents Cbus go Walmart
335,2009-01-02T17:00:00,decrease,-0.11,Negative,Ur one 11Moms right WalMarts Gold Bond free sample site crashes latest Firefox version MinefieldShiretoko
336,2009-01-02T17:00:00,decrease,-0.11,Positive,Amused 9 yo 9 coffeemaker Walmart replaced 9 yrs later 9
337,2009-01-02T17:00:00,decrease,-0.11,Negative,At Walmart Headed batteries coffeemakers first
338,2009-01-02T17:00:00,decrease,-0.11,Positive,I think Walmart deserves title Its service satisfying prices affordable masses
339,2009-01-02T17:00:00,decrease,-0.11,Negative,I went walmart return tighty whities grandma bought saw return oh shi
340,2009-01-02T17:00:00,decrease,-0.11,Negative,Good Morning EVeryone Im thinking going IHOP Brown Deer Brown Deer Rd Walmart Anyone wana meet
341,2009-01-02T17:00:00,decrease,-0.11,Positive,Im shower head Walmart pick bunch stuff I like get things get busy
342,2009-01-02T17:00:00,decrease,-0.11,Negative,744 roof walmart Knoxville awaiting crane Maybe theyll let play
343,2009-01-02T17:00:00,decrease,-0.11,Negative,Oh I wished need someone go Super Walmart shoppins late nightsmornings
344,2009-01-02T17:00:00,decrease,-0.11,Negative,I cant sleep 10 years ago I used drive around town I get sleepy Always ended shopping buying crap Super Walmart Hmm
345,2009-01-02T17:00:00,decrease,-0.11,Positive,The north Ames Walmart 2 Wii Fits Wiis either store though Now go bed
346,2009-01-02T17:00:00,decrease,-0.11,Negative,went walmart bethany kids went bednow sleep full back massager heaterhehehe
347,2009-01-02T17:00:00,decrease,-0.11,Negative,5 USB flash drives walmart Thats insane
348,2009-01-02T17:00:00,decrease,-0.11,Negative,Walmart rad Took shit ran
349,2009-01-02T17:00:00,decrease,-0.11,Positive,hahaha ive done ill even braless youll best dressed especially st cloud ghetto walmart
350,2009-01-02T17:00:00,decrease,-0.11,Negative,I dont know get one Would WalMart
351,2009-01-02T17:00:00,decrease,-0.11,Negative,walmart evil
352,2009-01-02T17:00:00,decrease,-0.11,Positive,No duh help Walmart brand bacon And I used slices Got ta save rest breakfast
353,2009-01-02T17:00:00,decrease,-0.11,Negative,Someone fucked Walmart bc ZODIAC directors cut 5
354,2009-01-02T17:00:00,decrease,-0.11,Positive,At Walmart 115am scouring DVD section Thank gou Jurgess
355,2009-01-02T17:00:00,decrease,-0.11,Positive,Got home Walmart found kids tied beds wife rocking corner singing Jesus loves
356,2009-01-02T17:00:00,decrease,-0.11,Positive,Sweetbay old KashNKarry sells Indian stuff But Walmart means real crossover I think
357,2009-01-02T17:00:00,decrease,-0.11,Positive,braving walmart
358,2009-01-02T17:00:00,decrease,-0.11,Negative,Wheres local walmart They sell Murukolu kaaram mix local Albertsons
359,2009-01-02T17:00:00,decrease,-0.11,Negative,Car shopping walmart parking lot
360,2009-01-02T17:00:00,decrease,-0.11,Negative,I kept 2008 Resolution I didnt shop Walmart entire year Planning making another year
361,2009-01-02T17:00:00,decrease,-0.11,Negative,Shopping Walmart I see guy He doesnt talk I never saw havent seen since Prove wasnt ghost
362,2009-01-02T17:00:00,decrease,-0.11,Positive,sending order Walmart pictures I bed another Happy 2009 good night
363,2009-01-02T17:00:00,decrease,-0.11,Negative,Roommate night jammies ghetto walmart leggo people
364,2009-01-02T17:00:00,decrease,-0.11,Negative,running Walmart travelsize bottles since Im taking carry Phoenix 32 hour trip
365,2009-01-02T17:00:00,decrease,-0.11,Negative,Category Bad Christmas Gifts Acro WER Entry Walmart Eletric Razor
366,2009-01-02T17:00:00,decrease,-0.11,Negative,cedar hill walmart bc kelly wood cant keep car battery charged
367,2009-01-02T17:00:00,decrease,-0.11,Positive,happy stop looking rack damn walmart guy
368,2009-01-02T17:00:00,decrease,-0.11,Negative,Walmart 2no dice 3 I wish werent 15mi apart
369,2009-01-02T17:00:00,decrease,-0.11,Positive,Note self never wear maroon sweater walmart
370,2009-01-02T17:00:00,decrease,-0.11,Negative,Just got back new Walmart Supercenter supposed biggest one East Coast I believe
371,2009-01-02T17:00:00,decrease,-0.11,Negative,least hear time work Its programmed toplay tv wall Walmart time
372,2009-01-02T17:00:00,decrease,-0.11,Positive,Killing time walmartfounf planet apes widescreen 5 bucksscore
373,2009-01-02T17:00:00,decrease,-0.11,Negative,still Walmart
374,2009-01-02T17:00:00,decrease,-0.11,Negative,Bad day Kids sick Wrong 350lb bed delivered broken While I return bed Walmart crushes hand kid must call 911
375,2009-01-02T17:00:00,decrease,-0.11,Negative,walmart open
376,2009-01-02T17:00:00,decrease,-0.11,Negative,way pick C batteries Walmart J Mollys new Leap Frog Wireless Laptop Dont wish laptops took C batteries
377,2009-01-02T17:00:00,decrease,-0.11,Positive,Robin called WalMart I want pick Sprite Yep Were little secret Im hooked stuff
378,2009-01-02T17:00:00,decrease,-0.11,Positive,Downloading mp3s WalMart trouble worth Good thing free
379,2009-01-02T17:00:00,decrease,-0.11,Negative,WTF cinamark Why I watch ads Allstate Walmart I get see movie I paid 10 see 10 popcorn soda
380,2009-01-02T17:00:00,decrease,-0.11,Positive,Im sure youre home Walmart though pretty timeconsuming That kind help
381,2009-01-02T17:00:00,decrease,-0.11,Positive,Hope everyone great New Year Walmart goes 75 tomorrow xmas
382,2009-01-02T17:00:00,decrease,-0.11,Negative,Im mood go something 10 options walmart eat n park
383,2009-01-02T17:00:00,decrease,-0.11,Negative,Is people make hate Walmart Walmart makes hate people
384,2009-01-02T17:00:00,decrease,-0.11,Positive,Thanks theyre cheaper Ill try walmart fish oil caps place lipiderm fish oil caps petco
385,2009-01-02T17:00:00,decrease,-0.11,Positive,peopel buy art alwasy buy art around But walmart buyers gallery purchases
386,2009-01-02T17:00:00,decrease,-0.11,Negative,FAIL bought cheapy mandoline walmart slicing potatoes potatoes au gratin Taking back
387,2009-01-02T17:00:00,decrease,-0.11,Negative,I kinda lost told theyre criminals ripping ppl 1 guy even argued wme saying dont sell Iphones WalMart Idiot
388,2009-01-02T17:00:00,decrease,-0.11,Negative,Messing iPhone walmart XD
389,2009-01-02T17:00:00,decrease,-0.11,Negative,happy best buy drones getting ignored 5 straight minutes 3 workers going walmart get needed
390,2009-01-02T17:00:00,decrease,-0.11,Negative,Normally I get Walmart sold I got Land Lakes instead It never happen
391,2009-01-02T17:00:00,decrease,-0.11,Negative,Walmart often means whopping side head
392,2009-01-02T17:00:00,decrease,-0.11,Negative,Is Walmart getting food fast
393,2009-01-02T17:00:00,decrease,-0.11,Negative,Man I hate local Walmart closes 8 PM Non 24 hour ok could get 10 least 9 Grocery store gives us 11 I think
394,2009-01-02T17:00:00,decrease,-0.11,Positive,Youre right Most people need get know like trust first Cant run IM biz like checkout Walmart
395,2009-01-02T17:00:00,decrease,-0.11,Negative,Just read Walmart going start carrying iPhone 197 ATT sells 199 Not sure I see point
396,2009-01-02T17:00:00,decrease,-0.11,Positive,We Will Rock You WalMart CommercialFreddy Mercury became Perpetual Motion Machinethe way hes rolling grave
397,2009-01-02T17:00:00,decrease,-0.11,Positive,Off shopping Walmart C
398,2009-01-02T17:00:00,decrease,-0.11,Negative,Spent hour half walmart get tire fixed
399,2009-01-02T17:00:00,decrease,-0.11,Negative,insert thing costs less WalMart
400,2015-10-12T17:00:00,decrease,-0.12,Positive,Walmart flow clientele
401,2015-10-12T17:00:00,decrease,-0.12,Negative,RT broke ass looking like Walmart brand Chanel shopping Ross hoping find yeezus 350 ass
402,2015-10-12T17:00:00,decrease,-0.12,Negative,As I dont hate Walmart enough going makes even worse
403,2015-10-12T17:00:00,decrease,-0.12,Positive,Twitter question day Where like shop Target Walmart
404,2015-10-12T17:00:00,decrease,-0.12,Positive,Can buy confidence Walmart friend
405,2015-10-12T17:00:00,decrease,-0.12,Positive,Twitter question day Where like shop Target Walmart
406,2015-10-12T17:00:00,decrease,-0.12,Negative,mom gives 10 spend walmart Runs dollar store
407,2015-10-12T17:00:00,decrease,-0.12,Positive,Trying find help Walmart Is like Russia speaking Russian
408,2015-10-12T17:00:00,decrease,-0.12,Negative,want could meet dad along road I could get cash hes walmart across providence
409,2015-10-12T17:00:00,decrease,-0.12,Positive,Twitter question day Where like shop Target Walmart
410,2015-10-12T17:00:00,decrease,-0.12,Negative,nice try walmart like im gon na spend 20 skeleton mask could easily peel flesh muscle face free
411,2015-10-12T17:00:00,decrease,-0.12,Positive,Twitter question day Where like shop Target Walmart
412,2015-10-12T17:00:00,decrease,-0.12,Negative,I dream I went Walmart bought bunch pancakes waffles I really sad I woke
413,2015-10-12T17:00:00,decrease,-0.12,Negative,Walmart debate Twitter Armageddon
414,2015-10-12T17:00:00,decrease,-0.12,Negative,wondering I getting many looks Walmart rn realized bc pajama day Im walking around slippers pajama pants
415,2015-10-12T17:00:00,decrease,-0.12,Positive,Twitter question day Where like shop Target Walmart
416,2015-10-12T17:00:00,decrease,-0.12,Negative,lol walmart I got got7 one last year turned great
417,2015-10-12T17:00:00,decrease,-0.12,Positive,Twitter question day Where like shop Target Walmart
418,2015-10-12T17:00:00,decrease,-0.12,Negative,I hate going Walmart alone always see people I dont want see
419,2015-10-12T17:00:00,decrease,-0.12,Positive,This Walmart playing EDM lmao ğŸ˜‚
420,2015-10-12T17:00:00,decrease,-0.12,Positive,Twitter question day Where like shop Target Walmart
421,2015-10-12T17:00:00,decrease,-0.12,Negative,I wan na go Walmart get pizza stuff
422,2015-10-12T17:00:00,decrease,-0.12,Positive,RT Just stocked cherry lime Walmart yesterday Love stuff
423,2015-10-12T17:00:00,decrease,-0.12,Positive,RT supriyamilakhe Walmart open new outlet India 2017 increase competition market online marketing companies beâ€¦
424,2015-10-12T17:00:00,decrease,-0.12,Negative,walmart always
425,2015-10-12T17:00:00,decrease,-0.12,Negative,Chinese place Walmart mobile hwy
426,2015-10-12T17:00:00,decrease,-0.12,Positive,channel vs walmart
427,2015-10-12T17:00:00,decrease,-0.12,Positive,Twitter question day Where like shop Target Walmart
428,2015-10-12T17:00:00,decrease,-0.12,Negative,I hate Walmart Walmarts pharmacy everything Walmart sells like fuck Walmart real shit
429,2015-10-12T17:00:00,decrease,-0.12,Negative,Remember Id judge bummy people Walmart I bummy person Walmart
430,2015-10-12T17:00:00,decrease,-0.12,Positive,Walmart got hoes frfr
431,2015-10-12T17:00:00,decrease,-0.12,Positive,Walmart open new outlet India 2017 increase competition market online marketing companies alert
432,2015-10-12T17:00:00,decrease,-0.12,Negative,aint going Walmart
433,2015-10-12T17:00:00,decrease,-0.12,Positive,buffalo chicken quesadillas walmart ğŸ˜
434,2015-10-12T17:00:00,decrease,-0.12,Negative,Amazon price Ill price Walmart week
435,2015-10-12T17:00:00,decrease,-0.12,Negative,Who turns job Walmart I would love work
436,2015-10-12T17:00:00,decrease,-0.12,Negative,Theyre feisty af
437,2015-10-12T17:00:00,decrease,-0.12,Negative,Anybody got free time Walmart entertain I get car back
438,2015-10-12T17:00:00,decrease,-0.12,Negative,Today Walmart I noticed Bounce dryer sheets FOR MEN I say Im sorry youre getting regular ones
439,2015-10-12T17:00:00,decrease,-0.12,Negative,Kmart Walmart cheap
440,2015-10-12T17:00:00,decrease,-0.12,Negative,yes getting mad reason like damn
441,2015-10-12T17:00:00,decrease,-0.12,Positive,walmart one 30 youre welcome ğŸ˜ŠğŸ˜ŠğŸ˜Š
442,2015-10-12T17:00:00,decrease,-0.12,Negative,walmart workers
443,2015-10-12T17:00:00,decrease,-0.12,Positive,RT poster walmart
444,2015-10-12T17:00:00,decrease,-0.12,Negative,buy drones walmart
445,2015-10-12T17:00:00,decrease,-0.12,Positive,One day I making fun Josh calling backpack book sack saying arent plastic sacks walmart
446,2015-10-12T17:00:00,decrease,-0.12,Negative,hiring rudest people ever Transferred 10 times finally picked yelled calling The heck
447,2015-10-12T17:00:00,decrease,-0.12,Positive,Like miss old man hands smiley stickers Walmart
448,2015-10-12T17:00:00,decrease,-0.12,Positive,Twitter question day Where like shop Target Walmart
449,2015-10-12T17:00:00,decrease,-0.12,Negative,The new people walmart would people redbox
450,2015-10-12T17:00:00,decrease,-0.12,Negative,If please reserve pajamas home hospital Walmart nowhere else Thanks
451,2015-10-12T17:00:00,decrease,-0.12,Positive,Twitter question day Where like shop Target Walmart
452,2015-10-12T17:00:00,decrease,-0.12,Positive,Alex Walmart Deli
453,2015-10-12T17:00:00,decrease,-0.12,Negative,seriously wanted bacon Walmart ğŸ˜‚
454,2015-10-12T17:00:00,decrease,-0.12,Positive,Not cheesy Walmart suit But suit could used movie
455,2015-10-12T17:00:00,decrease,-0.12,Negative,Somebody please take Walmart I dont feel like driving
456,2015-10-12T17:00:00,decrease,-0.12,Negative,I cant walk Walmart without nagging feeling Ill beat way jawbone senior citizen
457,2015-10-12T17:00:00,decrease,-0.12,Negative,go Walmart
458,2015-10-12T17:00:00,decrease,-0.12,Negative,With help amp women battling cancer know â€™ clean houses free SwifferGoesPink
459,2015-10-12T17:00:00,decrease,-0.12,Negative,oh thas raycest tryna say black peoples Walmart dirty
460,2015-10-12T17:00:00,decrease,-0.12,Negative,Leave Walmart skim milk
461,2015-10-12T17:00:00,decrease,-0.12,Positive,Twitter question day Where like shop Target Walmart
462,2015-10-12T17:00:00,decrease,-0.12,Positive,Twitter question day Where like shop Target Walmart
463,2015-10-12T17:00:00,decrease,-0.12,Negative,RT JohnCrawford killed open carry whitesOhio Walmart buying BB gun AllLivâ€¦
464,2015-10-12T17:00:00,decrease,-0.12,Negative,chickfila weekdays noon walmart weekend mornings practical death wish
465,2015-10-12T17:00:00,decrease,-0.12,Negative,Im home I walmart
466,2015-10-12T17:00:00,decrease,-0.12,Positive,store AlmaAr 358 stop selling Carrington green tea It favorite
467,2015-10-12T17:00:00,decrease,-0.12,Positive,Twitter question day Where like shop Target Walmart
468,2015-10-12T17:00:00,decrease,-0.12,Negative,ima go walmart
469,2015-10-12T17:00:00,decrease,-0.12,Positive,I think k night went Walmart like 3 morning got kiwi pomegranates ğŸ˜‚ğŸ˜‚
470,2015-10-12T17:00:00,decrease,-0.12,Positive,Walmart makes laugh
471,2015-10-12T17:00:00,decrease,-0.12,Negative,Kinda like disliking large corporations u hate Walmart delivery truck driver generally ignoring Walton Family employs
472,2015-10-12T17:00:00,decrease,-0.12,Negative,Walmart always taking money
473,2015-10-12T17:00:00,decrease,-0.12,Positive,youll come different Walmart changes person The Steph know twitter fundamentally altered
474,2015-10-12T17:00:00,decrease,-0.12,Negative,Frustrated I never find movies bottom 5 movie bin Walmart ğŸ˜’
475,2015-10-12T17:00:00,decrease,-0.12,Positive,RT THOSE CHANEL VS WALMART ACCS ARE SO GODDAMN ANNOYING
476,2015-10-12T17:00:00,decrease,-0.12,Positive,Today 9 year anniversary working Walmart
477,2015-10-12T17:00:00,decrease,-0.12,Negative,At super Walmart
478,2015-10-12T17:00:00,decrease,-0.12,Positive,I time What could done Restock shelves
479,2015-10-12T17:00:00,decrease,-0.12,Negative,Already cranky Good luck Walmartgoes get dressed
480,2015-10-12T17:00:00,decrease,-0.12,Negative,Walmart literary worst thing economy Trust Ive done research Im giving speech today
481,2015-10-12T17:00:00,decrease,-0.12,Negative,I still much today trip Walmart eventually plus tons homework writing work Meh ğŸ˜©
482,2015-10-12T17:00:00,decrease,-0.12,Positive,White girl walmart wit thick southern accent ğŸ˜ğŸ˜ğŸ˜
483,2015-10-12T17:00:00,decrease,-0.12,Negative,I swear ima make Walmart today like seriously
484,2015-10-12T17:00:00,decrease,-0.12,Negative,RT Still confused hc pics Walmart turned better ones OWU
485,2015-10-12T17:00:00,decrease,-0.12,Negative,JohnCrawford killed open carry whitesOhio Walmart buying BB gun AllLivesMatter
486,2015-10-12T17:00:00,decrease,-0.12,Positive,hello walmart
487,2015-10-12T17:00:00,decrease,-0.12,Positive,RT THOSE CHANEL VS WALMART ACCS ARE SO GODDAMN ANNOYING
488,2015-10-12T17:00:00,decrease,-0.12,Positive,prefer walmart
489,2015-10-12T17:00:00,decrease,-0.12,Positive,RT THOSE CHANEL VS WALMART ACCS ARE SO GODDAMN ANNOYING
490,2015-10-12T17:00:00,decrease,-0.12,Negative,Walmart
491,2015-10-12T17:00:00,decrease,-0.12,Negative,BLESSEDInterview walmart tommorow ó¾“ó¾“ó¾“
492,2015-10-12T17:00:00,decrease,-0.12,Negative,seriously shade Walmart
493,2015-10-12T17:00:00,decrease,-0.12,Negative,Those Chanel vs Walmart tweets dumb stop
494,2015-10-12T17:00:00,decrease,-0.12,Positive,RT So Im interesting man world Im totally interesting cashier Walmart
495,2015-10-12T17:00:00,decrease,-0.12,Positive,Walmart favorite store
496,2015-10-12T17:00:00,decrease,-0.12,Negative,Didnt countries Germany actively fight keep Walmart
497,2015-10-12T17:00:00,decrease,-0.12,Negative,RT booster packs available WalmartMart chance get super ultra rare cards every pack
498,2015-10-12T17:00:00,decrease,-0.12,Negative,Old folks driving Walmart going give heart attack
499,2015-10-12T17:00:00,decrease,-0.12,Negative,Phone slowly dying Walmart still taking precious time ğŸ˜ŠğŸ˜ŠğŸ˜ŠğŸ˜ŠğŸ˜ŠğŸ˜Š
500,2008-10-03T17:00:00,decrease,-0.1,Negative,Tim Hortons Vernon Twp across Chevy dealer almost WalMart It looks pretty much done except par
501,2008-10-03T17:00:00,decrease,-0.1,Negative,theres dude throw walmart I cant WAIT work ROFL
502,2008-10-03T17:00:00,decrease,-0.1,Negative,Omg people walmart act like I nothing better
503,2008-10-03T17:00:00,decrease,-0.1,Positive,I laughed Walmart starting look like Hot Topicthen I bought hoodie 2 shirts
504,2008-10-03T17:00:00,decrease,-0.1,Positive,Its friday means errands Walmart Lowes stuff weekend projects
505,2008-10-03T17:00:00,decrease,-0.1,Negative,hubby went Walmart I focus cleaning
506,2008-10-03T17:00:00,decrease,-0.1,Positive,LUV blog Walmart nude cleaning hahahaaa Keep awesome superb writer
507,2008-10-03T17:00:00,decrease,-0.1,Negative,Im sure genuine Im certain theres elder statesman hiding beneath WalMart exterior
508,2008-10-03T17:00:00,decrease,-0.1,Negative,MADY IS WANTING TO GO TO WALMART TO USE HER GCARD SHE GOT FOR HER BDAY SO I PROMISED HER TODAY I WOULD TAKE HER
509,2008-10-03T17:00:00,decrease,-0.1,Negative,In 15 Dallas area stores Walmart partnered Dell testing Geek Squad like concept called Solution Station Dell
510,2008-10-03T17:00:00,decrease,-0.1,Negative,one kid said wearing walmart stickers sigh
511,2008-10-03T17:00:00,decrease,-0.1,Negative,Tried get wrong car Walmart Bad thing car wasnt even right color
512,2008-10-03T17:00:00,decrease,-0.1,Negative,Liberty Twp could owe millions developer due rejecting WalMart 2004per recent fed court ruling
513,2008-10-03T17:00:00,decrease,-0.1,Positive,sitting Walmart tires get rotated
514,2008-10-03T17:00:00,decrease,-0.1,Positive,I saw one walmart said Sure Obama great speaker Hitler great speaker
515,2008-10-03T17:00:00,decrease,-0.1,Negative,Im jealous I run WalMart last night cleanse palette moment going picking album
516,2008-10-03T17:00:00,decrease,-0.1,Positive,Walmarts Dont Forget The Milk cookies contain milk Conspiracy
517,2008-10-03T17:00:00,decrease,-0.1,Positive,Ah cuppa Earl Grey Walmart parking lotlove RV roadtrips
518,2008-10-03T17:00:00,decrease,-0.1,Positive,Hi Im walmart apartment
519,2008-10-03T17:00:00,decrease,-0.1,Negative,At front desk Hanna todaylike walmart greeter hospital Wore jacket gloves morningfall
520,2008-10-03T17:00:00,decrease,-0.1,Positive,At Atlanta High Tech Prayer breakfast Walmart VP CIO speaking year
521,2008-10-03T17:00:00,decrease,-0.1,Negative,Walmart 2am drunk Scottsdale whores moms babies tow 2 full cart shopper I wish place else open
522,2008-10-03T17:00:00,decrease,-0.1,Negative,So Walmart closing DRM server Google shut DRM server Apple threatening iTunes closure What DRM really stand
523,2008-10-03T17:00:00,decrease,-0.1,Negative,talking evils walmart
524,2008-10-03T17:00:00,decrease,-0.1,Negative,WalMart ruins communities Chris Do need hang watch documentaries week
525,2008-10-03T17:00:00,decrease,-0.1,Positive,How dare diss santi Bad mother dont know good music School tomorrow looking forward Going walmart probably ba
526,2008-10-03T17:00:00,decrease,-0.1,Positive,Im Bang Walmart Palin My friend Liam got much better one Hose Hotrod Palin
527,2008-10-03T17:00:00,decrease,-0.1,Positive,start promoting parties WalMart could hours
528,2008-10-03T17:00:00,decrease,-0.1,Negative,For safe 90 days walmart gives us steak dinnerIts TuesdayThanks making day offI dont need work safe Lol
529,2008-10-03T17:00:00,decrease,-0.1,Positive,hunting photos taken walmart props
530,2008-10-03T17:00:00,decrease,-0.1,Positive,Buying ironman walmart w00t
531,2008-10-03T17:00:00,decrease,-0.1,Negative,Another round Walmart another 100 dropped
532,2008-10-03T17:00:00,decrease,-0.1,Positive,Returned stuff walmart got new costume video got fave chai tea going home make review
533,2008-10-03T17:00:00,decrease,-0.1,Positive,Walmart midnight glorious
534,2008-10-03T17:00:00,decrease,-0.1,Positive,Walmart wine aisle
535,2008-10-03T17:00:00,decrease,-0.1,Negative,I doubt Biden got suit Walmart I doubt Palin would would caught dead Joe sixpack Neither could ever deal Iran
536,2008-10-03T17:00:00,decrease,-0.1,Positive,I love debates Ran Walmart earlier actually found I looking Yay
537,2008-10-03T17:00:00,decrease,-0.1,Positive,Come Little Rock ill show larrys pizza bill clinton mobile home library I dunnowalmart
538,2008-10-03T17:00:00,decrease,-0.1,Negative,er ok somehow dont see Biden wandering around walmart
539,2008-10-03T17:00:00,decrease,-0.1,Positive,Sarah Palin wants go shopping Walmart
540,2008-10-03T17:00:00,decrease,-0.1,Positive,biden genuine palin imitation folksy youd find walmart
541,2008-10-03T17:00:00,decrease,-0.1,Positive,jess naming wedding packages usually The Willow The Platinum The Thomas Kinkade Lighthouse Kmart Walmart Target
542,2008-10-03T17:00:00,decrease,-0.1,Negative,walmart
543,2008-10-03T17:00:00,decrease,-0.1,Negative,sigh totally resisted urger get puffer fish walmart
544,2008-10-03T17:00:00,decrease,-0.1,Negative,walmart standing line reminded something father often says never make people wait spend money
545,2008-10-03T17:00:00,decrease,-0.1,Negative,agree assessment Problem many Walmart customers
546,2008-10-03T17:00:00,decrease,-0.1,Negative,Grrr I wan na get fish walmart problem walmart
547,2008-10-03T17:00:00,decrease,-0.1,Positive,OH right McCains health care plan go clinic local WalMart current
548,2008-10-03T17:00:00,decrease,-0.1,Negative,Walmart one mom pop shops dammit
549,2008-10-03T17:00:00,decrease,-0.1,Positive,At walmart getting apt stuff Yay shopping msg via Julies cell
550,2008-10-03T17:00:00,decrease,-0.1,Negative,UDF georgesville rd next walmart cops pumps blocked Could story
551,2008-10-03T17:00:00,decrease,-0.1,Negative,walmart
552,2008-10-03T17:00:00,decrease,-0.1,Negative,I leave wed night Walmart hqhavent anywere year 3 trips 2 months Geez
553,2008-10-03T17:00:00,decrease,-0.1,Negative,LBP downloading Must rush Walmart get USB cable I play
554,2008-10-03T17:00:00,decrease,-0.1,Negative,ok 20 bolt cutter walmart broke hard got covered water started rust
555,2008-10-03T17:00:00,decrease,-0.1,Positive,Who would thought walmart wouldnt adult batman costume
556,2008-10-03T17:00:00,decrease,-0.1,Negative,I hope line walmart doesnt take 2 long
557,2008-10-03T17:00:00,decrease,-0.1,Positive,OMGOMGOMG walmart love ricky actually named peter I still love
558,2008-10-03T17:00:00,decrease,-0.1,Positive,Out dinner anniversary surrounded group walmart managers sharing stories arresting customers
559,2008-10-03T17:00:00,decrease,-0.1,Negative,My roommates obsessed boys They make point go hardware section every time come walmart Its really annoying
560,2008-10-03T17:00:00,decrease,-0.1,Negative,anyway headed home kids soccer practice soon Need stop Walmart pick couple things House calling
561,2008-10-03T17:00:00,decrease,-0.1,Negative,Overachieved Hit Walmart I detest soccer practice Wow I feel robbed necessary shopping trip
562,2008-10-03T17:00:00,decrease,-0.1,Positive,I Walmart cali Thank God rednecks coast coast
563,2008-10-03T17:00:00,decrease,-0.1,Negative,Walmart grocery stores manufacturing warehousing Thats
564,2008-10-03T17:00:00,decrease,-0.1,Positive,amazing muffin top Walmart McDonalds
565,2008-10-03T17:00:00,decrease,-0.1,Negative,Oh joy Im Walmart
566,2008-10-03T17:00:00,decrease,-0.1,Negative,I hate walmart
567,2008-10-03T17:00:00,decrease,-0.1,Negative,Agh Where calendars walmart
568,2008-10-03T17:00:00,decrease,-0.1,Negative,Back long day classeswork Client Work Study Test Office Walmart Eat first meal day order
569,2008-10-03T17:00:00,decrease,-0.1,Negative,Didnt realize finding simple fan walmart much ask UGH
570,2008-10-03T17:00:00,decrease,-0.1,Negative,RD proprietary software dev supported Walmart Connect ISP AOL license They actually upset
571,2008-10-03T17:00:00,decrease,-0.1,Negative,Shoe brokecant go walmart get needed things feeling better Gon na wing itwhy I clean car
572,2008-10-03T17:00:00,decrease,-0.1,Positive,La mesa walmart adventure
573,2008-10-03T17:00:00,decrease,-0.1,Negative,At walmart
574,2008-10-03T17:00:00,decrease,-0.1,Negative,Just completed impossible short cut house Walmartsneaky sneaky
575,2008-10-03T17:00:00,decrease,-0.1,Negative,wants know walgreens walmart company
576,2008-10-03T17:00:00,decrease,-0.1,Negative,great day Took girls piano lessons little shopping cleaned bathrooms visitation whubby went WalMart
577,2008-10-03T17:00:00,decrease,-0.1,Negative,Hungover still Guess ill go walmart buy new pillows I wait awaji open
578,2008-10-03T17:00:00,decrease,-0.1,Positive,Driving Walmart get one awesome pizzas
579,2008-10-03T17:00:00,decrease,-0.1,Negative,Just saw truck downtown OKC pair plastic balls hanging license plate Where even buy thoseWalMart
580,2008-10-03T17:00:00,decrease,-0.1,Positive,Just married 2 young people walmart im new rev
581,2008-10-03T17:00:00,decrease,-0.1,Positive,Congratulations Youve officially beaten WalMart
582,2008-10-03T17:00:00,decrease,-0.1,Negative,Ok walmart 6 lines back aisles wtf
583,2008-10-03T17:00:00,decrease,-0.1,Negative,Walmart girl Im shocked
584,2008-10-03T17:00:00,decrease,-0.1,Negative,sed JC Penney suit youe elitist Rick JC Penny BOOO I shop WalMart
585,2008-10-03T17:00:00,decrease,-0.1,Negative,well go walmart line didnt 50000 people one two like 3 carts
586,2008-10-03T17:00:00,decrease,-0.1,Negative,Walmarts worsebut least get within 30 minutes Good looking IKEA
587,2008-10-03T17:00:00,decrease,-0.1,Negative,At walmart Getting meds soup
588,2008-10-03T17:00:00,decrease,-0.1,Positive,think qualifies pickup one coop Walmart
589,2008-10-03T17:00:00,decrease,-0.1,Negative,Random condom wrapper sidewalk outside Walmart Ick
590,2008-10-03T17:00:00,decrease,-0.1,Positive,Afterhalloween clearance Target Walmartetc Most toys cartoon characters Halloweeny
591,2008-10-03T17:00:00,decrease,-0.1,Negative,home day shopping errands im tired cant believe walmart doesnt thomas trains dare
592,2008-10-03T17:00:00,decrease,-0.1,Negative,Registered 10 incl active homeless man call State Bd get ruling residence car Walmart pkg lot I told City
593,2008-10-03T17:00:00,decrease,-0.1,Positive,YUM Yum Yum I get Vanilla hazelnut walmartnever thought peruse site sugar free options Yay
594,2008-10-03T17:00:00,decrease,-0.1,Negative,known yet Sonic opened American Canyon walmart recently
595,2008-10-03T17:00:00,decrease,-0.1,Negative,Found slow walmart cashier shes nice though im rush
596,2008-10-03T17:00:00,decrease,-0.1,Negative,WalMart Satans Outhouse
597,2008-10-03T17:00:00,decrease,-0.1,Negative,The State Ohio Chief Privacy Officer Sol Bermann left new job Walmart
598,2008-10-03T17:00:00,decrease,-0.1,Positive,My sentiments exactly I NEVER able retire Better practice Welcome Walmart Fries
599,2008-10-03T17:00:00,decrease,-0.1,Negative,At walmart getting poptarts D
600,2007-01-22T17:00:00,neutral,0.0,Positive,Just finished 1 baking muffins 2 braving WalMart craziness 3 eating fabulous dinner Catching intarnets Mike dishes
601,2007-01-22T17:00:00,neutral,0.0,Positive,Love Friday Night Walmart Crowd
602,2007-01-22T17:00:00,neutral,0.0,Positive,Its unreal folks walmart consider cheese
603,2007-01-22T17:00:00,neutral,0.0,Negative,Installing WoW BC CE Walmart Gawd UPS slow
604,2007-01-22T17:00:00,neutral,0.0,Negative,Waiting line Walmart Burning Crusade Rothman 35 hardcore players
605,2007-01-22T17:00:00,neutral,0.0,Positive,stuff watched episodes Battlestar Galactica SciFi channels marathon Went WalMart tonight Im back computer
606,2007-01-22T17:00:00,neutral,0.0,Positive,gon na go super walmart yep im back cornfields central IL
607,2007-01-22T17:00:00,neutral,0.0,Positive,landed arkansas make band aid post note supply room Stock picks today Walmart Chevron SP 500
608,2007-01-22T17:00:00,neutral,0.0,Positive,Just finished grocery shopping Jennifer big dinner Aaron Friday Now Im waiting outside Walmart Girls shopping
609,2007-01-22T17:00:00,neutral,0.0,Negative,At WalMart Havent days Its missed
610,2007-01-22T17:00:00,neutral,0.0,Negative,At walmart walking liquor
611,2007-01-22T17:00:00,neutral,0.0,Negative,At Walmart hating
612,2007-01-22T17:00:00,neutral,0.0,Negative,hungry ready go bank walmart
613,2007-01-22T17:00:00,neutral,0.0,Negative,going walmart shitsstill debating tomorrow night rest life
614,2007-01-22T17:00:00,neutral,0.0,Positive,Is shopping walmart christmas eve
615,2007-01-22T17:00:00,neutral,0.0,Positive,WalMart proof genetic selection
616,2007-01-22T17:00:00,neutral,0.0,Positive,I go WalMart day Christmas Oh
617,2007-01-22T17:00:00,neutral,0.0,Negative,Came home wife home work asleep Bocha boy bocha We jumped car went WalMart Ala Mo Came home midnight
618,2007-01-22T17:00:00,neutral,0.0,Negative,I seen end days looks like walmart
619,2015-11-27T17:00:00,neutral,0.0,Negative,RT â€™ allowed pay workers wages low many qualify Medicaid food stamps government hâ€¦
620,2015-11-27T17:00:00,neutral,0.0,Negative,RT â€™ allowed pay workers wages low many qualify Medicaid food stamps government hâ€¦
621,2015-11-27T17:00:00,neutral,0.0,Positive,I tried hold breath entirety walmart visitit didnt work
622,2015-11-27T17:00:00,neutral,0.0,Negative,nvm go LOL w ill back unless walmart wifi somethin wish phone wif xD
623,2015-11-27T17:00:00,neutral,0.0,Negative,Mfs fighting Walmart yesterday I ref
624,2015-11-27T17:00:00,neutral,0.0,Negative,I need rain go tf away I go back walmart lol
625,2015-11-27T17:00:00,neutral,0.0,Negative,This walmart Cleveland changed booooie
626,2015-11-27T17:00:00,neutral,0.0,Negative,RT â€™ allowed pay workers wages low many qualify Medicaid food stamps government hâ€¦
627,2015-11-27T17:00:00,neutral,0.0,Negative,I went walmart lastnight get diapers baby damn near lost life fuckblackfriday
628,2015-11-27T17:00:00,neutral,0.0,Negative,RT â€™ allowed pay workers wages low many qualify Medicaid food stamps government hâ€¦
629,2015-11-27T17:00:00,neutral,0.0,Negative,RT â€™ allowed pay workers wages low many qualify Medicaid food stamps government hâ€¦
630,2015-11-27T17:00:00,neutral,0.0,Negative,You guys acting like dont join crowd 200deep waiting cold outside Walmart waiting open EVERY morning
631,2015-11-27T17:00:00,neutral,0.0,Negative,In go Walmart Black Friday need milk paper towels
632,2015-11-27T17:00:00,neutral,0.0,Positive,I agree The amount money wal mart racks thats ridiculous
633,2015-11-27T17:00:00,neutral,0.0,Negative,Hey employees really horrid custimer service Dude rude I asking retro Mario amiibo
634,2015-11-27T17:00:00,neutral,0.0,Negative,RT â€™ allowed pay workers wages low many qualify Medicaid food stamps government hâ€¦
635,2015-11-27T17:00:00,neutral,0.0,Positive,Our Veterans Did Serve Our Country Why Cant Liberals Helps VetsLibs Ignore Our Veterans tcot
636,2015-11-27T17:00:00,neutral,0.0,Negative,RT â€™ allowed pay workers wages low many qualify Medicaid food stamps government hâ€¦
637,2015-11-27T17:00:00,neutral,0.0,Negative,Target kohlsand Walmart
638,2015-11-27T17:00:00,neutral,0.0,Negative,RT â€™ allowed pay workers wages low many qualify Medicaid food stamps government hâ€¦
639,2015-11-27T17:00:00,neutral,0.0,Negative,Everything I wanted still Walmart Winning
640,2015-11-27T17:00:00,neutral,0.0,Negative,RT â€™ allowed pay workers wages low many qualify Medicaid food stamps government hâ€¦
641,2015-11-27T17:00:00,neutral,0.0,Negative,manager said couldnt speak Was gon na ask todays hottest items Pretty dull anyway tampabayshops
642,2015-11-27T17:00:00,neutral,0.0,Negative,one walmart
643,2015-11-27T17:00:00,neutral,0.0,Negative,RT Its murder doorbuster deal 6am gift kid amp last one Walmart Black Fridâ€¦
644,2015-11-27T17:00:00,neutral,0.0,Positive,RT I need Patti LaBelle give credit due If wasnt James Wright pies would still sitting onâ€¦
645,2015-11-27T17:00:00,neutral,0.0,Negative,RT â€™ allowed pay workers wages low many qualify Medicaid food stamps government hâ€¦
646,2015-11-27T17:00:00,neutral,0.0,Negative,RT â€™ allowed pay workers wages low many qualify Medicaid food stamps government hâ€¦
647,2015-11-27T17:00:00,neutral,0.0,Negative,got walmart might want look see still available
648,2015-11-27T17:00:00,neutral,0.0,Negative,RT â€™ allowed pay workers wages low many qualify Medicaid food stamps government hâ€¦
649,2015-11-27T17:00:00,neutral,0.0,Negative,RT â€™ allowed pay workers wages low many qualify Medicaid food stamps government hâ€¦
650,2015-11-27T17:00:00,neutral,0.0,Negative,Seeing ass walmart last night gt
651,2015-11-27T17:00:00,neutral,0.0,Positive,I pleasantly surprised Black Friday chaos done 10 AM morning Walmart
652,2015-11-27T17:00:00,neutral,0.0,Negative,RT â€™ allowed pay workers wages low many qualify Medicaid food stamps government hâ€¦
653,2015-11-27T17:00:00,neutral,0.0,Positive,How u view respectable company fuel shopping environment needs police enforcement whyidontshop
654,2015-11-27T17:00:00,neutral,0.0,Negative,RT â€™ allowed pay workers wages low many qualify Medicaid food stamps government hâ€¦
655,2015-11-27T17:00:00,neutral,0.0,Negative,Going Walmart madden 08s
656,2015-11-27T17:00:00,neutral,0.0,Negative,RT â€™ allowed pay workers wages low many qualify Medicaid food stamps government hâ€¦
657,2015-11-27T17:00:00,neutral,0.0,Negative,RT You Walmart trying get 89 flat screen end going home freshly whooped ass Great
658,2015-11-27T17:00:00,neutral,0.0,Positive,Black Friday world calls Fight Night Walmart
659,2015-11-27T17:00:00,neutral,0.0,Negative,RT It â€™ Black Friday Walmart workers across country protesting 15 full time Support FightFâ€¦
660,2015-11-27T17:00:00,neutral,0.0,Negative,kills 3 people car But I got great deal toaster Walmart
661,2015-11-27T17:00:00,neutral,0.0,Positive,RT They bleachers Walmart buy beer watch people stupid today
662,2015-11-27T17:00:00,neutral,0.0,Negative,RT â€™ allowed pay workers wages low many qualify Medicaid food stamps government hâ€¦
663,2015-11-27T17:00:00,neutral,0.0,Positive,RT People Walmart like really really different breed mother
664,2015-11-27T17:00:00,neutral,0.0,Negative,ğŸ˜‚ store wasnt Cause I didnt go Walmart lol
665,2015-11-27T17:00:00,neutral,0.0,Negative,RT â€™ allowed pay workers wages low many qualify Medicaid food stamps government hâ€¦
666,2015-11-27T17:00:00,neutral,0.0,Negative,RT â€™ allowed pay workers wages low many qualify Medicaid food stamps government hâ€¦
667,2015-11-27T17:00:00,neutral,0.0,Positive,I started singing I think I need robitussin moms like okay Ill grab Walmart
668,2015-11-27T17:00:00,neutral,0.0,Positive,RT If I think something cute idc Walmart Ill get
669,2015-11-27T17:00:00,neutral,0.0,Negative,RT â€™ allowed pay workers wages low many qualify Medicaid food stamps government hâ€¦
670,2015-11-27T17:00:00,neutral,0.0,Negative,Fucked around went Walmart buying shit ğŸ™ƒ
671,2015-11-27T17:00:00,neutral,0.0,Negative,1 many trips Walmart weekendğŸ˜‚ğŸ˜‚
672,2015-11-27T17:00:00,neutral,0.0,Negative,Tonight UFC Fight Pass security camera footage every Walmart Target Best Buy selling cheap TVs BlackFriday
673,2015-11-27T17:00:00,neutral,0.0,Negative,RT No way Im getting trampled mob people local Walmart 40 last years flat screen
674,2015-11-27T17:00:00,neutral,0.0,Negative,Oops I made mistake coming Walmart
675,2015-11-27T17:00:00,neutral,0.0,Positive,When glee Christmas song comes Walmart head Cory Monteith singing ğŸ˜ğŸ˜­â¤ï¸
676,2015-11-27T17:00:00,neutral,0.0,Negative,I issue I Assistant Manager I trying transfer store Texas wife medical condition
677,2015-11-27T17:00:00,neutral,0.0,Negative,RT â€™ allowed pay workers wages low many qualify Medicaid food stamps government hâ€¦
678,2015-11-27T17:00:00,neutral,0.0,Negative,Walmart everything need
679,2015-11-27T17:00:00,neutral,0.0,Positive,I think two favorite days year today tomorrow new Walmart Black Friday videos come ğŸ˜‚ğŸ˜‚
680,2015-11-27T17:00:00,neutral,0.0,Negative,RT Its murder doorbuster deal 6am gift kid amp last one Walmart Black Fridâ€¦
681,2015-11-27T17:00:00,neutral,0.0,Negative,If ever want feel better age looks go Walmart KO
682,2015-11-27T17:00:00,neutral,0.0,Negative,My class filled backpacks homeless Needed 2 backpacks wont sell Mgr said Go Walmart Wow
683,2015-11-27T17:00:00,neutral,0.0,Negative,RT â€™ allowed pay workers wages low many qualify Medicaid food stamps government hâ€¦
684,2015-11-27T17:00:00,neutral,0.0,Negative,Well talking Walmart Job Libs Dont Even Care About Our Vets Or Theyd Have Fixed It
685,2015-11-27T17:00:00,neutral,0.0,Negative,Ugh son works part time Walmart worked yesterday today get pretty crazyğŸ˜³
686,2015-11-27T17:00:00,neutral,0.0,Negative,girls want hood nigga dont goals plan work walmart wonder dont anything
687,2015-11-27T17:00:00,neutral,0.0,Negative,RT â€™ allowed pay workers wages low many qualify Medicaid food stamps government hâ€¦
688,2015-11-27T17:00:00,neutral,0.0,Negative,RT No way Im getting trampled mob people local Walmart 40 last years flat screen
689,2015-11-27T17:00:00,neutral,0.0,Negative,RT â€™ allowed pay workers wages low many qualify Medicaid food stamps government hâ€¦
690,2015-11-27T17:00:00,neutral,0.0,Negative,RT We sorry Were able bring attention Customer Service Manager Jerri
691,2015-11-27T17:00:00,neutral,0.0,Negative,RT employee farted face I trying cologne
692,2015-11-27T17:00:00,neutral,0.0,Negative,Walmart promised least two register people store cremate greeter crowd clears HolidaySpirit
693,2015-11-27T17:00:00,neutral,0.0,Negative,yes laptop walmart
694,2015-11-27T17:00:00,neutral,0.0,Negative,When go Walmart cat food forget Black Friday ğŸ˜Ÿ
695,2015-11-27T17:00:00,neutral,0.0,Negative,RT It â€™ Black Friday Walmart workers across country protesting 15 full time Support FightFâ€¦
696,2015-11-27T17:00:00,neutral,0.0,Negative,Yesterday popping n WalmartğŸ˜©ğŸ˜‚ğŸ˜‚
697,2015-11-27T17:00:00,neutral,0.0,Negative,I hope none got trampled death Walmart morning
698,2015-11-27T17:00:00,neutral,0.0,Positive,Sephora New England Patriots Tom Brady Bose Star Wars Trailer Walmart Best Buy Target Black Fridayâ€¦
699,2015-11-27T17:00:00,neutral,0.0,Negative,RT â€™ allowed pay workers wages low many qualify Medicaid food stamps government hâ€¦
700,2015-11-27T17:00:00,neutral,0.0,Negative,RT â€™ allowed pay workers wages low many qualify Medicaid food stamps government hâ€¦
701,2015-11-27T17:00:00,neutral,0.0,Positive,My mom also sending Walmart Black Friday damn cheese I need make game plan exit strategy
702,2015-11-27T17:00:00,neutral,0.0,Negative,Walmart PACKED last night I left
703,2015-11-27T17:00:00,neutral,0.0,Positive,Watched Walmart Black Friday vid morning looked like filmed Guatemala No white faces I could see except cops
704,2015-11-27T17:00:00,neutral,0.0,Negative,RT â€™ allowed pay workers wages low many qualify Medicaid food stamps government hâ€¦
705,2015-11-27T17:00:00,neutral,0.0,Positive,Couldnt view link goes straight Walmart add
706,2015-11-27T17:00:00,neutral,0.0,Positive,every human Ive ever rhe displeasure speaking store never help
707,2015-11-27T17:00:00,neutral,0.0,Positive,I didnt know real group Lol
708,2015-11-27T17:00:00,neutral,0.0,Negative,RT â€™ allowed pay workers wages low many qualify Medicaid food stamps government hâ€¦
709,2015-11-27T17:00:00,neutral,0.0,Positive,Good work Its good realize people make choices opposite mine nonetheless behaving rationally
710,2015-11-27T17:00:00,neutral,0.0,Positive,RT It â€™ Black Friday Walmart workers across country protesting 15 full time Support Fighâ€¦
711,2015-11-27T17:00:00,neutral,0.0,Negative,Most people go Target Walmart Black Friday Not girls They went FordFamily FordTough
712,2015-11-27T17:00:00,neutral,0.0,Negative,RT â€™ allowed pay workers wages low many qualify Medicaid food stamps government hâ€¦
713,2015-11-27T17:00:00,neutral,0.0,Positive,Time cozy fire pour nice big mug hot chocolate watch black Friday walmart fights YouTube day
714,2015-11-27T17:00:00,neutral,0.0,Negative,RT Its murder doorbuster deal 6am gift kid amp last one Walmart Black Fridâ€¦
715,2015-11-27T17:00:00,neutral,0.0,Negative,RT No way Im getting trampled mob people local Walmart 40 last years flat screen
716,2015-11-27T17:00:00,neutral,0.0,Negative,RT No way Im getting trampled mob people local Walmart 40 last years flat screen
717,2015-11-27T17:00:00,neutral,0.0,Positive,I went Walmart Monday amp rest online Those crowds arent worth saving bucks A
718,2015-11-27T17:00:00,neutral,0.0,Negative,Im Walmart Black Friday I dont want brag I teeth everyone
719,2012-07-13T17:00:00,neutral,0.0,Positive,RT walmart
720,2012-07-13T17:00:00,neutral,0.0,Positive,I lt3 walking around Walmart n watching everyone stare bro momLike surprised see white lady two mixed kids
721,2012-07-13T17:00:00,neutral,0.0,Negative,Going Walmart
722,2012-07-13T17:00:00,neutral,0.0,Negative,I saw walmart first aid kit cost 995 little bandaid n tape Guess might well bleed death use shirt
723,2012-07-13T17:00:00,neutral,0.0,Positive,He born October 13 I think wants goodwill happy birthday wishes get WalMart safe
724,2012-07-13T17:00:00,neutral,0.0,Negative,I need go Walmart
725,2012-07-13T17:00:00,neutral,0.0,Positive,The end world might todayI asked Can I help find anything SMILING WALMART associateimpressed
726,2012-07-13T17:00:00,neutral,0.0,Negative,walmart
727,2012-07-13T17:00:00,neutral,0.0,Positive,RT Westminster Walmart freakshow
728,2012-07-13T17:00:00,neutral,0.0,Negative,My dad secretly getting tickets concert went walmart sold bullshit
729,2012-07-13T17:00:00,neutral,0.0,Negative,Is grand opening new Walmart really exciting theres traffic parking lot
730,2012-07-13T17:00:00,neutral,0.0,Positive,RT Off domestic duties Its Friday 13th birth date Maybe Ill finally find missing link Walmart
731,2012-07-13T17:00:00,neutral,0.0,Positive,Walmart Haha
732,2012-07-13T17:00:00,neutral,0.0,Negative,RT WalMart â€™ kill mom amp pop store They killed mediocre ones Amazon kill retail They â€™ onl
733,2012-07-13T17:00:00,neutral,0.0,Negative,Nomatter much complain abt walmartits better damn McDonalds
734,2012-07-13T17:00:00,neutral,0.0,Negative,u never called WalMart Rude
735,2012-07-13T17:00:00,neutral,0.0,Negative,When walmart start selling weave And would buy weave Walmart
736,2012-07-13T17:00:00,neutral,0.0,Negative,id love know average weight customers walmart
737,2012-07-13T17:00:00,neutral,0.0,Negative,The amount weird people see Walmart crazy
738,2012-07-13T17:00:00,neutral,0.0,Positive,One Thing came Walmart Yes
739,2012-07-13T17:00:00,neutral,0.0,Negative,RT WalMart â€™ kill mom amp pop store They killed mediocre ones Amazon kill retail They â€™ onl
740,2012-07-13T17:00:00,neutral,0.0,Positive,Just saw Walmart staff ladder roll UP price 15 Huh Another retail mystery solved dotheyleaveitrolleddown
741,2012-07-13T17:00:00,neutral,0.0,Negative,Walmart got like 20 check lines ONLY 2 hoes open WTF
742,2012-07-13T17:00:00,neutral,0.0,Positive,Walmart samples swag
743,2012-07-13T17:00:00,neutral,0.0,Negative,Damn woulda snatched ran Â« Lights went Walmart Â»
744,2012-07-13T17:00:00,neutral,0.0,Negative,What city since da lib doesnt WalmartğŸ˜‚ğŸ˜‚ğŸ˜‚
745,2012-07-13T17:00:00,neutral,0.0,Negative,WalMart â€™ kill mom amp pop store They killed mediocre ones Amazon kill retail They â€™ kill mediocre retail
746,2012-07-13T17:00:00,neutral,0.0,Negative,Finna Go To Walmart
747,2012-07-13T17:00:00,neutral,0.0,Positive,RT The guy real world Walmart que cute
748,2012-07-13T17:00:00,neutral,0.0,Negative,Gym reading quiz AampP walmart amp liquor store prepare tomorrow Hornisland
749,2012-07-13T17:00:00,neutral,0.0,Positive,RT Locate barkeepersfriend following Walmart Kmart Target FamilyDollar BedBathampBeyond WilliamS
750,2012-07-13T17:00:00,neutral,0.0,Positive,I hate people check everywhere Facebook one cares youre Walmart bfgf
751,2012-07-13T17:00:00,neutral,0.0,Negative,I saw Walmart I stopped And starred p
752,2012-07-13T17:00:00,neutral,0.0,Negative,Going walmart
753,2012-07-13T17:00:00,neutral,0.0,Positive,RT yessss lawd ltltlt lol church bojangles walmart etc smh
754,2012-07-13T17:00:00,neutral,0.0,Positive,Walmart day wittle loser friend Hehe LoveYou
755,2012-07-13T17:00:00,neutral,0.0,Negative,ion know yet brother finna go walmart cash sum shit mama dont want know near hood
756,2012-07-13T17:00:00,neutral,0.0,Positive,u sell nutella
757,2012-07-13T17:00:00,neutral,0.0,Negative,Walmart fiber optic chord 1898 Gon na look online
758,2012-07-13T17:00:00,neutral,0.0,Negative,hell naw I feel insulted Lol I workin walmart I wuda home n detroit I work 4 United Water intership
759,2012-07-13T17:00:00,neutral,0.0,Negative,WhatHispanicParentsSay kid walmart throwing fit mom ahhhh Cabron esperate que llegemos la casa
760,2012-07-13T17:00:00,neutral,0.0,Positive,I walked walmart 2 days ago never seen older goregous man best part waved inlove
761,2012-07-13T17:00:00,neutral,0.0,Negative,Residents say Walmart MOUNT LAUREL â€” â€œ We â€™ want Walmart backyard â€ news
762,2012-07-13T17:00:00,neutral,0.0,Negative,Just came back walmart
763,2012-07-13T17:00:00,neutral,0.0,Positive,Well joel go walmart lol
764,2012-07-13T17:00:00,neutral,0.0,Negative,Walmart Target Annas Linens Shit Everywea lol
765,2012-07-13T17:00:00,neutral,0.0,Negative,I fry chicken I cant make nail polish toilet paper Ah well Theres still Walmart
766,2012-07-13T17:00:00,neutral,0.0,Positive,lol RT When Im college I wan na work Walmart So I get free makeup food products
767,2012-07-13T17:00:00,neutral,0.0,Negative,Pleasanton Hacienda Lunch TODAY Friday 13th 112pm Walmart parking lot Rosewood w The Food Truck Mafia
768,2012-07-13T17:00:00,neutral,0.0,Negative,Bump I aint going walmart practice wear onall pervs amp hatin ass girls
769,2012-07-13T17:00:00,neutral,0.0,Negative,At walmart 80 year old peeps volunteerwork
770,2012-07-13T17:00:00,neutral,0.0,Positive,RT I want gamma radiation bad Id love Hulk God willing walmart carry gamma juice one day
771,2012-07-13T17:00:00,neutral,0.0,Positive,I need grab things beauty supply So I go walmart amp home I get
772,2012-07-13T17:00:00,neutral,0.0,Negative,People walmart Now know hate place
773,2012-07-13T17:00:00,neutral,0.0,Negative,Got ta go walmart later
774,2012-07-13T17:00:00,neutral,0.0,Negative,Lights went Walmart
775,2012-07-13T17:00:00,neutral,0.0,Positive,Stop making cheap stuff Walmart Nike etc RT lol think say fuckem gone
776,2012-07-13T17:00:00,neutral,0.0,Negative,nah I havent even tried yet I might soon Im tryna hit walmart heartland ill link
777,2012-07-13T17:00:00,neutral,0.0,Negative,told would pack left got shampooamp conditioner walmart bag accomplished
778,2012-07-13T17:00:00,neutral,0.0,Negative,Never I ever go back Clemmons Walmart ğŸ˜’goodlord
779,2012-07-13T17:00:00,neutral,0.0,Negative,You fuck around get trampled new walmart
780,2012-07-13T17:00:00,neutral,0.0,Positive,The guy real world Walmart que cute
781,2012-07-13T17:00:00,neutral,0.0,Positive,RT Its Friday yall Be sure go join festivities WalMart tonight HernandoProbs
782,2012-07-13T17:00:00,neutral,0.0,Negative,The compute Im using sucksIll change I get laptop back Bt I Walmart like time U da cut
783,2012-07-13T17:00:00,neutral,0.0,Negative,RT Today KooliParker POOL PARTY 100 waldenbrook dr lithonia ga 30038 panola road beside walmart 4pm til 9pm
784,2012-07-13T17:00:00,neutral,0.0,Positive,In walmart shoppin lil cousin birthday stuff
785,2012-07-13T17:00:00,neutral,0.0,Negative,Today KooliParker POOL PARTY 100 waldenbrook dr lithonia ga 30038 panola road beside walmart 4pm til 9pm
786,2012-07-13T17:00:00,neutral,0.0,Positive,Lol I took best medicine walmart offer u happppy I feel better
787,2012-07-13T17:00:00,neutral,0.0,Positive,When WMYB comes walmart start singing dancing Thats life
788,2012-07-13T17:00:00,neutral,0.0,Positive,RT Its Friday yall Be sure go join festivities WalMart tonight HernandoProbs
789,2012-07-13T17:00:00,neutral,0.0,Positive,rt 1amp9 Walmart home depot
790,2012-07-13T17:00:00,neutral,0.0,Negative,lol sadly Im Walmart
791,2012-07-13T17:00:00,neutral,0.0,Negative,RT Back school stuff already walmart Wherr summer go
792,2012-07-13T17:00:00,neutral,0.0,Negative,Why Walmart calling
793,2012-07-13T17:00:00,neutral,0.0,Positive,Walmart cousin crazy tale
794,2012-07-13T17:00:00,neutral,0.0,Negative,I never settle less time say bye bye Walmart
795,2012-07-13T17:00:00,neutral,0.0,Positive,When I ask flvs teacher get final exam amp says Walmart uh okay youre funny
796,2012-07-13T17:00:00,neutral,0.0,Negative,I hate goin n walmart bathroom n hearing someone hard straining n gruntn tryna shit n stall constipated lookn boi
797,2012-07-13T17:00:00,neutral,0.0,Negative,At Walmart
798,2012-07-13T17:00:00,neutral,0.0,Negative,Walmart match
799,2012-07-13T17:00:00,neutral,0.0,Positive,okay Which place better Do I wait target Are better Walmart Haha
800,2012-07-13T17:00:00,neutral,0.0,Negative,I want someone come get gas go Walmart I dont wan na go alone
801,2012-07-13T17:00:00,neutral,0.0,Negative,Going new Walmart able find anything confusing lost haha
802,2012-07-13T17:00:00,neutral,0.0,Positive,like ff walmart joke tweeted back like Thanks shopping us
803,2012-07-13T17:00:00,neutral,0.0,Positive,This Walmart Orlando Ratchet capital R jesustakethewheel
804,2012-07-13T17:00:00,neutral,0.0,Positive,IF THEY SELL THAT AT WALMART THEN WALMART HERE I COME
805,2012-07-13T17:00:00,neutral,0.0,Positive,walmart bound
806,2012-07-13T17:00:00,neutral,0.0,Positive,You Walmart Cashing Out Lmao O
807,2012-07-13T17:00:00,neutral,0.0,Positive,All I Got Is A 10 GiftCard To Walmart
808,2012-07-13T17:00:00,neutral,0.0,Positive,nah cuz Walmart cookies r better urs p
809,2012-07-13T17:00:00,neutral,0.0,Positive,sounds much better walmart first Huntsville Lol
810,2012-07-13T17:00:00,neutral,0.0,Negative,lol yesterday Walmart
811,2012-07-13T17:00:00,neutral,0.0,Positive,You run fast new walmart close line
812,2012-07-13T17:00:00,neutral,0.0,Positive,Walmart trips mother lt
813,2012-07-13T17:00:00,neutral,0.0,Positive,I hope I catch ha walmart target kmart shit
814,2012-07-13T17:00:00,neutral,0.0,Positive,I remember went Walmart bought lmao
815,2012-07-13T17:00:00,neutral,0.0,Negative,lol sorry go Walmart soon epp got ta things first
816,2012-07-13T17:00:00,neutral,0.0,Negative,If coming open house Im registered Target Bed Bath Beyond Walmart Pier 1 Imports
817,2012-07-13T17:00:00,neutral,0.0,Positive,Its Friday yall Be sure go join festivities WalMart tonight HernandoProbs
818,2012-07-13T17:00:00,neutral,0.0,Negative,bol My cousin tried make get walmart thats I said
